﻿<?xml version="1.0" encoding="utf-8"?>
<abapGit version="v1.0.0" serializer="LCL_OBJECT_PROG" serializer_version="v1.0.0">
 <asx:abap xmlns:asx="http://www.sap.com/abapxml" version="1.0">
  <asx:values>
   <PROGDIR>
    <NAME>FZANS_0047_LONGCDV</NAME>
    <SQLX>X</SQLX>
    <DBAPL>S</DBAPL>
    <DBNA>D$</DBNA>
    <SUBC>I</SUBC>
    <APPL>S</APPL>
    <RSTAT>T</RSTAT>
    <FIXPT>X</FIXPT>
    <LDBNAME>D$S</LDBNAME>
    <UCCHECK>X</UCCHECK>
   </PROGDIR>
  </asx:values>
 </asx:abap>
</abapGit>
