﻿<?xml version="1.0" encoding="utf-8"?>
<abapGit version="v1.0.0" serializer="LCL_OBJECT_DTEL" serializer_version="v1.0.0">
 <asx:abap xmlns:asx="http://www.sap.com/abapxml" version="1.0">
  <asx:values>
   <DD04V>
    <ROLLNAME>ZAIN_0009_ZPRAV</ROLLNAME>
    <DDLANGUAGE>R</DDLANGUAGE>
    <HEADLEN>05</HEADLEN>
    <SCRLEN1>05</SCRLEN1>
    <SCRLEN2>05</SCRLEN2>
    <SCRLEN3>05</SCRLEN3>
    <DDTEXT>ZPRAV</DDTEXT>
    <REPTEXT>ZPRAV</REPTEXT>
    <SCRTEXT_S>ZPRAV</SCRTEXT_S>
    <SCRTEXT_M>ZPRAV</SCRTEXT_M>
    <SCRTEXT_L>ZPRAV</SCRTEXT_L>
    <DTELMASTER>R</DTELMASTER>
    <DATATYPE>STRG</DATATYPE>
   </DD04V>
  </asx:values>
 </asx:abap>
</abapGit>
