﻿<?xml version="1.0" encoding="utf-8"?>
<abapGit version="v1.0.0" serializer="LCL_OBJECT_DTEL" serializer_version="v1.0.0">
 <asx:abap xmlns:asx="http://www.sap.com/abapxml" version="1.0">
  <asx:values>
   <DD04V>
    <ROLLNAME>ZAIN_0009_SNAME_RU_OBD</ROLLNAME>
    <DDLANGUAGE>R</DDLANGUAGE>
    <HEADLEN>12</HEADLEN>
    <SCRLEN1>10</SCRLEN1>
    <SCRLEN2>12</SCRLEN2>
    <SCRLEN3>12</SCRLEN3>
    <DDTEXT>SNAME_RU_OBD</DDTEXT>
    <REPTEXT>SNAME_RU_OBD</REPTEXT>
    <SCRTEXT_S>SNAME_RU_O</SCRTEXT_S>
    <SCRTEXT_M>SNAME_RU_OBD</SCRTEXT_M>
    <SCRTEXT_L>SNAME_RU_OBD</SCRTEXT_L>
    <DTELMASTER>R</DTELMASTER>
    <DATATYPE>STRG</DATATYPE>
   </DD04V>
  </asx:values>
 </asx:abap>
</abapGit>
