﻿<?xml version="1.0" encoding="utf-8"?>
<abapGit version="v1.0.0" serializer="LCL_OBJECT_TABL" serializer_version="v1.0.0">
 <asx:abap xmlns:asx="http://www.sap.com/abapxml" version="1.0">
  <asx:values>
   <DD02V>
    <TABNAME>ZAIN_0009_BP_IMPORT</TABNAME>
    <DDLANGUAGE>R</DDLANGUAGE>
    <TABCLASS>INTTAB</TABCLASS>
    <DDTEXT>Параметры нового ДП</DDTEXT>
    <EXCLASS>4</EXCLASS>
   </DD02V>
   <DD03P_TABLE>
    <DD03P>
     <TABNAME>ZAIN_0009_BP_IMPORT</TABNAME>
     <FIELDNAME>PARTNER</FIELDNAME>
     <POSITION>0001</POSITION>
     <ROLLNAME>BU_PARTNER</ROLLNAME>
     <ADMINFIELD>0</ADMINFIELD>
     <SHLPORIGIN>D</SHLPORIGIN>
     <COMPTYPE>E</COMPTYPE>
    </DD03P>
    <DD03P>
     <TABNAME>ZAIN_0009_BP_IMPORT</TABNAME>
     <FIELDNAME>SNAME_RU_OBD</FIELDNAME>
     <POSITION>0002</POSITION>
     <ROLLNAME>ZAIN_0009_SNAME_RU_OBD</ROLLNAME>
     <ADMINFIELD>0</ADMINFIELD>
     <COMPTYPE>E</COMPTYPE>
    </DD03P>
    <DD03P>
     <TABNAME>ZAIN_0009_BP_IMPORT</TABNAME>
     <FIELDNAME>SNAME_EN_OBD</FIELDNAME>
     <POSITION>0003</POSITION>
     <ROLLNAME>ZAIN_0009_SNAME_EN_OBD</ROLLNAME>
     <ADMINFIELD>0</ADMINFIELD>
     <COMPTYPE>E</COMPTYPE>
    </DD03P>
    <DD03P>
     <TABNAME>ZAIN_0009_BP_IMPORT</TABNAME>
     <FIELDNAME>PARTN_CAT</FIELDNAME>
     <POSITION>0004</POSITION>
     <ROLLNAME>BU_TYPE</ROLLNAME>
     <ADMINFIELD>0</ADMINFIELD>
     <VALEXI>X</VALEXI>
     <SHLPORIGIN>F</SHLPORIGIN>
     <COMPTYPE>E</COMPTYPE>
    </DD03P>
    <DD03P>
     <TABNAME>ZAIN_0009_BP_IMPORT</TABNAME>
     <FIELDNAME>GROUP_BP</FIELDNAME>
     <POSITION>0005</POSITION>
     <ROLLNAME>BU_GROUP</ROLLNAME>
     <ADMINFIELD>0</ADMINFIELD>
     <COMPTYPE>E</COMPTYPE>
    </DD03P>
    <DD03P>
     <TABNAME>ZAIN_0009_BP_IMPORT</TABNAME>
     <FIELDNAME>LIQUIDATIONDATE</FIELDNAME>
     <POSITION>0006</POSITION>
     <ROLLNAME>BU_LIQUID_DAT</ROLLNAME>
     <ADMINFIELD>0</ADMINFIELD>
     <SHLPORIGIN>T</SHLPORIGIN>
     <COMPTYPE>E</COMPTYPE>
    </DD03P>
    <DD03P>
     <TABNAME>ZAIN_0009_BP_IMPORT</TABNAME>
     <FIELDNAME>OVD_OBD</FIELDNAME>
     <POSITION>0007</POSITION>
     <ROLLNAME>ZAIN_0009_OVD</ROLLNAME>
     <ADMINFIELD>0</ADMINFIELD>
     <COMPTYPE>E</COMPTYPE>
    </DD03P>
    <DD03P>
     <TABNAME>ZAIN_0009_BP_IMPORT</TABNAME>
     <FIELDNAME>ZKPPKO</FIELDNAME>
     <POSITION>0008</POSITION>
     <ROLLNAME>ZAIN_0009_ZKPPKO</ROLLNAME>
     <ADMINFIELD>0</ADMINFIELD>
     <COMPTYPE>E</COMPTYPE>
    </DD03P>
    <DD03P>
     <TABNAME>ZAIN_0009_BP_IMPORT</TABNAME>
     <FIELDNAME>STATUS_OBD</FIELDNAME>
     <POSITION>0009</POSITION>
     <ROLLNAME>ZAIN_0009_STATUS</ROLLNAME>
     <ADMINFIELD>0</ADMINFIELD>
     <COMPTYPE>E</COMPTYPE>
    </DD03P>
    <DD03P>
     <TABNAME>ZAIN_0009_BP_IMPORT</TABNAME>
     <FIELDNAME>ZGUIDO</FIELDNAME>
     <POSITION>0010</POSITION>
     <ROLLNAME>ZAIN_0009_ZGUIDO</ROLLNAME>
     <ADMINFIELD>0</ADMINFIELD>
     <COMPTYPE>E</COMPTYPE>
    </DD03P>
    <DD03P>
     <TABNAME>ZAIN_0009_BP_IMPORT</TABNAME>
     <FIELDNAME>ZPRAV</FIELDNAME>
     <POSITION>0011</POSITION>
     <ROLLNAME>ZAIN_0009_ZPRAV</ROLLNAME>
     <ADMINFIELD>0</ADMINFIELD>
     <COMPTYPE>E</COMPTYPE>
    </DD03P>
    <DD03P>
     <TABNAME>ZAIN_0009_BP_IMPORT</TABNAME>
     <FIELDNAME>RU5</FIELDNAME>
     <POSITION>0012</POSITION>
     <ROLLNAME>ZAIN_0009_RU5</ROLLNAME>
     <ADMINFIELD>0</ADMINFIELD>
     <COMPTYPE>E</COMPTYPE>
    </DD03P>
    <DD03P>
     <TABNAME>ZAIN_0009_BP_IMPORT</TABNAME>
     <FIELDNAME>RU1</FIELDNAME>
     <POSITION>0013</POSITION>
     <ROLLNAME>ZAIN_0009_RU1</ROLLNAME>
     <ADMINFIELD>0</ADMINFIELD>
     <COMPTYPE>E</COMPTYPE>
    </DD03P>
    <DD03P>
     <TABNAME>ZAIN_0009_BP_IMPORT</TABNAME>
     <FIELDNAME>ID_TK</FIELDNAME>
     <POSITION>0014</POSITION>
     <ROLLNAME>ZAIN_0009_ID_TK</ROLLNAME>
     <ADMINFIELD>0</ADMINFIELD>
     <COMPTYPE>E</COMPTYPE>
    </DD03P>
    <DD03P>
     <TABNAME>ZAIN_0009_BP_IMPORT</TABNAME>
     <FIELDNAME>ID_KODR</FIELDNAME>
     <POSITION>0015</POSITION>
     <ROLLNAME>ZAIN_0009_ID_KODR</ROLLNAME>
     <ADMINFIELD>0</ADMINFIELD>
     <COMPTYPE>E</COMPTYPE>
    </DD03P>
   </DD03P_TABLE>
  </asx:values>
 </asx:abap>
</abapGit>
