﻿<?xml version="1.0" encoding="utf-8"?>
<abapGit version="v1.0.0" serializer="LCL_OBJECT_DTEL" serializer_version="v1.0.0">
 <asx:abap xmlns:asx="http://www.sap.com/abapxml" version="1.0">
  <asx:values>
   <DD04V>
    <ROLLNAME>ZAIN_0009_RU5</ROLLNAME>
    <DDLANGUAGE>R</DDLANGUAGE>
    <HEADLEN>03</HEADLEN>
    <SCRLEN1>03</SCRLEN1>
    <SCRLEN2>03</SCRLEN2>
    <SCRLEN3>03</SCRLEN3>
    <DDTEXT>RU5</DDTEXT>
    <REPTEXT>RU5</REPTEXT>
    <SCRTEXT_S>RU5</SCRTEXT_S>
    <SCRTEXT_M>RU5</SCRTEXT_M>
    <SCRTEXT_L>RU5</SCRTEXT_L>
    <DTELMASTER>R</DTELMASTER>
    <DATATYPE>STRG</DATATYPE>
   </DD04V>
  </asx:values>
 </asx:abap>
</abapGit>
