﻿<?xml version="1.0" encoding="utf-8"?>
<abapGit version="v1.0.0" serializer="LCL_OBJECT_DTEL" serializer_version="v1.0.0">
 <asx:abap xmlns:asx="http://www.sap.com/abapxml" version="1.0">
  <asx:values>
   <DD04V>
    <ROLLNAME>ZAIN_0009_ZKPPKO</ROLLNAME>
    <DDLANGUAGE>R</DDLANGUAGE>
    <HEADLEN>06</HEADLEN>
    <SCRLEN1>06</SCRLEN1>
    <SCRLEN2>06</SCRLEN2>
    <SCRLEN3>06</SCRLEN3>
    <DDTEXT>ZKPPKO</DDTEXT>
    <REPTEXT>ZKPPKO</REPTEXT>
    <SCRTEXT_S>ZKPPKO</SCRTEXT_S>
    <SCRTEXT_M>ZKPPKO</SCRTEXT_M>
    <SCRTEXT_L>ZKPPKO</SCRTEXT_L>
    <DTELMASTER>R</DTELMASTER>
    <DATATYPE>STRG</DATATYPE>
   </DD04V>
  </asx:values>
 </asx:abap>
</abapGit>
