﻿<?xml version="1.0" encoding="utf-8"?>
<abapGit version="v1.0.0" serializer="LCL_OBJECT_DTEL" serializer_version="v1.0.0">
 <asx:abap xmlns:asx="http://www.sap.com/abapxml" version="1.0">
  <asx:values>
   <DD04V>
    <ROLLNAME>ZANS_0047_NAME_EN_ASKO</ROLLNAME>
    <DDLANGUAGE>R</DDLANGUAGE>
    <HEADLEN>55</HEADLEN>
    <SCRLEN1>10</SCRLEN1>
    <SCRLEN2>20</SCRLEN2>
    <SCRLEN3>40</SCRLEN3>
    <DDTEXT>Сокращенное наименование в латин. транскрипции без ОПФ АСКО</DDTEXT>
    <REPTEXT>Сокращ.наим.(лат.) АСКО</REPTEXT>
    <SCRTEXT_S>НаимEnАСКО</SCRTEXT_S>
    <SCRTEXT_M>НаимЛатАСКО</SCRTEXT_M>
    <SCRTEXT_L>Сокращ.наим.(лат.) АСКО</SCRTEXT_L>
    <DTELMASTER>R</DTELMASTER>
    <DATATYPE>STRG</DATATYPE>
   </DD04V>
  </asx:values>
 </asx:abap>
</abapGit>
