﻿<?xml version="1.0" encoding="utf-8"?>
<abapGit version="v1.0.0" serializer="LCL_OBJECT_TABL" serializer_version="v1.0.0">
 <asx:abap xmlns:asx="http://www.sap.com/abapxml" version="1.0">
  <asx:values>
   <DD02V>
    <TABNAME>ZANS_0047_BPMGK_SCR_S</TABNAME>
    <DDLANGUAGE>R</DDLANGUAGE>
    <TABCLASS>INTTAB</TABCLASS>
    <DDTEXT>Атрибуты участника МГК (данные для экрана)</DDTEXT>
    <EXCLASS>1</EXCLASS>
   </DD02V>
   <DD03P_TABLE>
    <DD03P>
     <TABNAME>ZANS_0047_BPMGK_SCR_S</TABNAME>
     <FIELDNAME>CLIENT</FIELDNAME>
     <POSITION>0001</POSITION>
     <ROLLNAME>MANDT</ROLLNAME>
     <ADMINFIELD>0</ADMINFIELD>
     <COMPTYPE>E</COMPTYPE>
    </DD03P>
    <DD03P>
     <TABNAME>ZANS_0047_BPMGK_SCR_S</TABNAME>
     <FIELDNAME>PARTNER</FIELDNAME>
     <POSITION>0002</POSITION>
     <ROLLNAME>BU_PARTNER</ROLLNAME>
     <ADMINFIELD>0</ADMINFIELD>
     <SHLPORIGIN>D</SHLPORIGIN>
     <COMPTYPE>E</COMPTYPE>
    </DD03P>
    <DD03P>
     <TABNAME>ZANS_0047_BPMGK_SCR_S</TABNAME>
     <FIELDNAME>FIELD_ID</FIELDNAME>
     <POSITION>0003</POSITION>
     <ROLLNAME>ZANS_0047_FIELDID</ROLLNAME>
     <ADMINFIELD>0</ADMINFIELD>
     <SHLPORIGIN>X</SHLPORIGIN>
     <COMPTYPE>E</COMPTYPE>
    </DD03P>
    <DD03P>
     <TABNAME>ZANS_0047_BPMGK_SCR_S</TABNAME>
     <FIELDNAME>FIELDNAME</FIELDNAME>
     <POSITION>0004</POSITION>
     <ROLLNAME>ZANS_0047_FIELDNAME</ROLLNAME>
     <ADMINFIELD>0</ADMINFIELD>
     <COMPTYPE>E</COMPTYPE>
    </DD03P>
    <DD03P>
     <TABNAME>ZANS_0047_BPMGK_SCR_S</TABNAME>
     <FIELDNAME>FIN_YEAR</FIELDNAME>
     <POSITION>0005</POSITION>
     <ROLLNAME>ZANS_0047_FIN_YEAR</ROLLNAME>
     <ADMINFIELD>0</ADMINFIELD>
     <COMPTYPE>E</COMPTYPE>
    </DD03P>
    <DD03P>
     <TABNAME>ZANS_0047_BPMGK_SCR_S</TABNAME>
     <FIELDNAME>TIMESTAMP</FIELDNAME>
     <POSITION>0006</POSITION>
     <ROLLNAME>TIMESTAMP</ROLLNAME>
     <ADMINFIELD>0</ADMINFIELD>
     <COMPTYPE>E</COMPTYPE>
    </DD03P>
    <DD03P>
     <TABNAME>ZANS_0047_BPMGK_SCR_S</TABNAME>
     <FIELDNAME>FIELDCONTENT</FIELDNAME>
     <POSITION>0007</POSITION>
     <ROLLNAME>ZANS_0047_FIELDCONTENT</ROLLNAME>
     <ADMINFIELD>0</ADMINFIELD>
     <COMPTYPE>E</COMPTYPE>
    </DD03P>
    <DD03P>
     <TABNAME>ZANS_0047_BPMGK_SCR_S</TABNAME>
     <FIELDNAME>GUID</FIELDNAME>
     <POSITION>0008</POSITION>
     <ROLLNAME>ZANS_0047_GUID_16</ROLLNAME>
     <ADMINFIELD>0</ADMINFIELD>
     <COMPTYPE>E</COMPTYPE>
    </DD03P>
   </DD03P_TABLE>
   <DD35V_TALE>
    <DD35V>
     <TABNAME>ZANS_0047_BPMGK_SCR_S</TABNAME>
     <FIELDNAME>FIELD_ID</FIELDNAME>
     <SHLPNAME>ZANS_0047_FIELDID_F4</SHLPNAME>
    </DD35V>
   </DD35V_TALE>
   <DD36M>
    <DD36M>
     <TABNAME>ZANS_0047_BPMGK_SCR_S</TABNAME>
     <FIELDNAME>FIELD_ID</FIELDNAME>
     <SHLPNAME>ZANS_0047_FIELDID_F4</SHLPNAME>
     <SHLPFIELD>FIELDNAME</SHLPFIELD>
     <FLPOSITION>0002</FLPOSITION>
     <SHTABLE>ZANS_0047_BPMGK_SCR_S</SHTABLE>
     <SHFIELD>FIELDNAME</SHFIELD>
     <SHLPINPUT>X</SHLPINPUT>
     <ROLLNAME>ZANS_0047_FIELDNAME</ROLLNAME>
     <DOMNAME>TEXT255</DOMNAME>
     <DATATYPE>CHAR</DATATYPE>
     <LENG>000255</LENG>
    </DD36M>
    <DD36M>
     <TABNAME>ZANS_0047_BPMGK_SCR_S</TABNAME>
     <FIELDNAME>FIELD_ID</FIELDNAME>
     <SHLPNAME>ZANS_0047_FIELDID_F4</SHLPNAME>
     <SHLPFIELD>FIELD_ID</SHLPFIELD>
     <FLPOSITION>0001</FLPOSITION>
     <SHTABLE>ZANS_0047_BPMGK_SCR_S</SHTABLE>
     <SHFIELD>FIELD_ID</SHFIELD>
     <SHLPINPUT>X</SHLPINPUT>
     <SHLPOUTPUT>X</SHLPOUTPUT>
     <ROLLNAME>ZANS_0047_FIELDID</ROLLNAME>
     <DOMNAME>ATNAM</DOMNAME>
     <DATATYPE>CHAR</DATATYPE>
     <LENG>000030</LENG>
    </DD36M>
   </DD36M>
  </asx:values>
 </asx:abap>
</abapGit>
