﻿<?xml version="1.0" encoding="utf-8"?>
<abapGit version="v1.0.0" serializer="LCL_OBJECT_DTEL" serializer_version="v1.0.0">
 <asx:abap xmlns:asx="http://www.sap.com/abapxml" version="1.0">
  <asx:values>
   <DD04V>
    <ROLLNAME>ZANS_0047_NAME_RU_OBD</ROLLNAME>
    <DDLANGUAGE>R</DDLANGUAGE>
    <HEADLEN>47</HEADLEN>
    <SCRLEN1>10</SCRLEN1>
    <SCRLEN2>13</SCRLEN2>
    <SCRLEN3>26</SCRLEN3>
    <DDTEXT>Сокращенное наименование в рус.транскр. ОБД НСИ</DDTEXT>
    <REPTEXT>Сокращенное наименование в рус.транскр. ОБД НСИ</REPTEXT>
    <SCRTEXT_S>НаимРусОБД</SCRTEXT_S>
    <SCRTEXT_M>НаимРусОБДНСИ</SCRTEXT_M>
    <SCRTEXT_L>Сокращ.наим.(рус.) ОБД НСИ</SCRTEXT_L>
    <DTELMASTER>R</DTELMASTER>
    <DATATYPE>STRG</DATATYPE>
   </DD04V>
  </asx:values>
 </asx:abap>
</abapGit>
