﻿<?xml version="1.0" encoding="utf-8"?>
<abapGit version="v1.0.0" serializer="LCL_OBJECT_TABL" serializer_version="v1.0.0">
 <asx:abap xmlns:asx="http://www.sap.com/abapxml" version="1.0">
  <asx:values>
   <DD02V>
    <TABNAME>ZANS_0047_APP8_REP</TABNAME>
    <DDLANGUAGE>R</DDLANGUAGE>
    <TABCLASS>INTTAB</TABCLASS>
    <DDTEXT>Структура отчета Приложение 8</DDTEXT>
    <EXCLASS>4</EXCLASS>
   </DD02V>
   <DD03P_TABLE>
    <DD03P>
     <TABNAME>ZANS_0047_APP8_REP</TABNAME>
     <FIELDNAME>PARTNER</FIELDNAME>
     <POSITION>0001</POSITION>
     <ROLLNAME>BU_PARTNER</ROLLNAME>
     <ADMINFIELD>0</ADMINFIELD>
     <SHLPORIGIN>D</SHLPORIGIN>
     <COMPTYPE>E</COMPTYPE>
    </DD03P>
    <DD03P>
     <TABNAME>ZANS_0047_APP8_REP</TABNAME>
     <FIELDNAME>SNAME_RU_OBD_BEGDA</FIELDNAME>
     <POSITION>0002</POSITION>
     <ROLLNAME>BEGDA</ROLLNAME>
     <ADMINFIELD>0</ADMINFIELD>
     <SHLPORIGIN>T</SHLPORIGIN>
     <COMPTYPE>E</COMPTYPE>
    </DD03P>
    <DD03P>
     <TABNAME>ZANS_0047_APP8_REP</TABNAME>
     <FIELDNAME>SNAME_RU_OBD</FIELDNAME>
     <POSITION>0003</POSITION>
     <ROLLNAME>ZANS_0047_NAME_RU_OBD</ROLLNAME>
     <ADMINFIELD>0</ADMINFIELD>
     <COMPTYPE>E</COMPTYPE>
    </DD03P>
    <DD03P>
     <TABNAME>ZANS_0047_APP8_REP</TABNAME>
     <FIELDNAME>SNAME_RU_CONS_BEGDA</FIELDNAME>
     <POSITION>0004</POSITION>
     <ROLLNAME>BEGDA</ROLLNAME>
     <ADMINFIELD>0</ADMINFIELD>
     <SHLPORIGIN>T</SHLPORIGIN>
     <COMPTYPE>E</COMPTYPE>
    </DD03P>
    <DD03P>
     <TABNAME>ZANS_0047_APP8_REP</TABNAME>
     <FIELDNAME>SNAME_RU_CONS</FIELDNAME>
     <POSITION>0005</POSITION>
     <ROLLNAME>ZANS_0047_NAME_RU_ASKO</ROLLNAME>
     <ADMINFIELD>0</ADMINFIELD>
     <COMPTYPE>E</COMPTYPE>
    </DD03P>
    <DD03P>
     <TABNAME>ZANS_0047_APP8_REP</TABNAME>
     <FIELDNAME>SNAME_EN_OBD_BEGDA</FIELDNAME>
     <POSITION>0006</POSITION>
     <ROLLNAME>BEGDA</ROLLNAME>
     <ADMINFIELD>0</ADMINFIELD>
     <SHLPORIGIN>T</SHLPORIGIN>
     <COMPTYPE>E</COMPTYPE>
    </DD03P>
    <DD03P>
     <TABNAME>ZANS_0047_APP8_REP</TABNAME>
     <FIELDNAME>SNAME_EN_OBD</FIELDNAME>
     <POSITION>0007</POSITION>
     <ROLLNAME>ZANS_0047_NAME_EN_OBD</ROLLNAME>
     <ADMINFIELD>0</ADMINFIELD>
     <COMPTYPE>E</COMPTYPE>
    </DD03P>
    <DD03P>
     <TABNAME>ZANS_0047_APP8_REP</TABNAME>
     <FIELDNAME>SNAME_EN_CONS_BEGDA</FIELDNAME>
     <POSITION>0008</POSITION>
     <ROLLNAME>BEGDA</ROLLNAME>
     <ADMINFIELD>0</ADMINFIELD>
     <SHLPORIGIN>T</SHLPORIGIN>
     <COMPTYPE>E</COMPTYPE>
    </DD03P>
    <DD03P>
     <TABNAME>ZANS_0047_APP8_REP</TABNAME>
     <FIELDNAME>SNAME_EN_CONS</FIELDNAME>
     <POSITION>0009</POSITION>
     <ROLLNAME>ZANS_0047_NAME_EN_ASKO</ROLLNAME>
     <ADMINFIELD>0</ADMINFIELD>
     <COMPTYPE>E</COMPTYPE>
    </DD03P>
    <DD03P>
     <TABNAME>ZANS_0047_APP8_REP</TABNAME>
     <FIELDNAME>KPP_OBD</FIELDNAME>
     <POSITION>0010</POSITION>
     <ROLLNAME>ZANS_0047_KPP_OBD</ROLLNAME>
     <ADMINFIELD>0</ADMINFIELD>
     <COMPTYPE>E</COMPTYPE>
    </DD03P>
    <DD03P>
     <TABNAME>ZANS_0047_APP8_REP</TABNAME>
     <FIELDNAME>KPP_ASKO</FIELDNAME>
     <POSITION>0011</POSITION>
     <ROLLNAME>ZANS_0047_KPP_ASCO</ROLLNAME>
     <ADMINFIELD>0</ADMINFIELD>
     <COMPTYPE>E</COMPTYPE>
    </DD03P>
    <DD03P>
     <TABNAME>ZANS_0047_APP8_REP</TABNAME>
     <FIELDNAME>OVD_OBD_BEGDA</FIELDNAME>
     <POSITION>0012</POSITION>
     <ROLLNAME>BEGDA</ROLLNAME>
     <ADMINFIELD>0</ADMINFIELD>
     <SHLPORIGIN>T</SHLPORIGIN>
     <COMPTYPE>E</COMPTYPE>
    </DD03P>
    <DD03P>
     <TABNAME>ZANS_0047_APP8_REP</TABNAME>
     <FIELDNAME>OVD_OBD</FIELDNAME>
     <POSITION>0013</POSITION>
     <ROLLNAME>ZANS_0047_OVD_OBD</ROLLNAME>
     <ADMINFIELD>0</ADMINFIELD>
     <COMPTYPE>E</COMPTYPE>
    </DD03P>
    <DD03P>
     <TABNAME>ZANS_0047_APP8_REP</TABNAME>
     <FIELDNAME>OVD_ASCO_BEGDA</FIELDNAME>
     <POSITION>0014</POSITION>
     <ROLLNAME>BEGDA</ROLLNAME>
     <ADMINFIELD>0</ADMINFIELD>
     <SHLPORIGIN>T</SHLPORIGIN>
     <COMPTYPE>E</COMPTYPE>
    </DD03P>
    <DD03P>
     <TABNAME>ZANS_0047_APP8_REP</TABNAME>
     <FIELDNAME>OVD_ASCO</FIELDNAME>
     <POSITION>0015</POSITION>
     <ROLLNAME>ZANS_0047_OVD_ASCO</ROLLNAME>
     <ADMINFIELD>0</ADMINFIELD>
     <COMPTYPE>E</COMPTYPE>
    </DD03P>
    <DD03P>
     <TABNAME>ZANS_0047_APP8_REP</TABNAME>
     <FIELDNAME>ID_TK_OBD_BEGDA</FIELDNAME>
     <POSITION>0016</POSITION>
     <ROLLNAME>BEGDA</ROLLNAME>
     <ADMINFIELD>0</ADMINFIELD>
     <SHLPORIGIN>T</SHLPORIGIN>
     <COMPTYPE>E</COMPTYPE>
    </DD03P>
    <DD03P>
     <TABNAME>ZANS_0047_APP8_REP</TABNAME>
     <FIELDNAME>ID_TK_OBD</FIELDNAME>
     <POSITION>0017</POSITION>
     <ROLLNAME>ZANS_0047_ID_TK_OBD</ROLLNAME>
     <ADMINFIELD>0</ADMINFIELD>
     <COMPTYPE>E</COMPTYPE>
    </DD03P>
    <DD03P>
     <TABNAME>ZANS_0047_APP8_REP</TABNAME>
     <FIELDNAME>ID_TK_BEGDA</FIELDNAME>
     <POSITION>0018</POSITION>
     <ROLLNAME>BEGDA</ROLLNAME>
     <ADMINFIELD>0</ADMINFIELD>
     <SHLPORIGIN>T</SHLPORIGIN>
     <COMPTYPE>E</COMPTYPE>
    </DD03P>
    <DD03P>
     <TABNAME>ZANS_0047_APP8_REP</TABNAME>
     <FIELDNAME>ID_TK</FIELDNAME>
     <POSITION>0019</POSITION>
     <ROLLNAME>ZANS_0047_ID_TK_ASCO</ROLLNAME>
     <ADMINFIELD>0</ADMINFIELD>
     <COMPTYPE>E</COMPTYPE>
    </DD03P>
   </DD03P_TABLE>
  </asx:values>
 </asx:abap>
</abapGit>
