﻿<?xml version="1.0" encoding="utf-8"?>
<abapGit version="v1.0.0" serializer="LCL_OBJECT_TABL" serializer_version="v1.0.0">
 <asx:abap xmlns:asx="http://www.sap.com/abapxml" version="1.0">
  <asx:values>
   <DD02V>
    <TABNAME>ZANS_0047_BP_S</TABNAME>
    <DDLANGUAGE>R</DDLANGUAGE>
    <TABCLASS>INTTAB</TABCLASS>
    <DDTEXT>Атрибуты контрагента с датами действия</DDTEXT>
    <EXCLASS>1</EXCLASS>
   </DD02V>
   <DD03P_TABLE>
    <DD03P>
     <TABNAME>ZANS_0047_BP_S</TABNAME>
     <FIELDNAME>MANDT</FIELDNAME>
     <POSITION>0001</POSITION>
     <ROLLNAME>MANDT</ROLLNAME>
     <ADMINFIELD>0</ADMINFIELD>
     <COMPTYPE>E</COMPTYPE>
    </DD03P>
    <DD03P>
     <TABNAME>ZANS_0047_BP_S</TABNAME>
     <FIELDNAME>PARTNER</FIELDNAME>
     <POSITION>0002</POSITION>
     <ROLLNAME>BU_PARTNER</ROLLNAME>
     <ADMINFIELD>0</ADMINFIELD>
     <SHLPORIGIN>D</SHLPORIGIN>
     <COMPTYPE>E</COMPTYPE>
    </DD03P>
    <DD03P>
     <TABNAME>ZANS_0047_BP_S</TABNAME>
     <FIELDNAME>FIELD_ID</FIELDNAME>
     <POSITION>0003</POSITION>
     <ROLLNAME>ZANS_0047_FIELDID</ROLLNAME>
     <ADMINFIELD>0</ADMINFIELD>
     <COMPTYPE>E</COMPTYPE>
    </DD03P>
    <DD03P>
     <TABNAME>ZANS_0047_BP_S</TABNAME>
     <FIELDNAME>BEGDA</FIELDNAME>
     <POSITION>0004</POSITION>
     <ROLLNAME>BEGDA</ROLLNAME>
     <ADMINFIELD>0</ADMINFIELD>
     <SHLPORIGIN>T</SHLPORIGIN>
     <COMPTYPE>E</COMPTYPE>
    </DD03P>
    <DD03P>
     <TABNAME>ZANS_0047_BP_S</TABNAME>
     <FIELDNAME>ENDDA</FIELDNAME>
     <POSITION>0005</POSITION>
     <ROLLNAME>ENDDA</ROLLNAME>
     <ADMINFIELD>0</ADMINFIELD>
     <SHLPORIGIN>T</SHLPORIGIN>
     <COMPTYPE>E</COMPTYPE>
    </DD03P>
    <DD03P>
     <TABNAME>ZANS_0047_BP_S</TABNAME>
     <FIELDNAME>FIELDCONTENT</FIELDNAME>
     <POSITION>0006</POSITION>
     <ROLLNAME>ZANS_0047_FIELDCONTENT</ROLLNAME>
     <ADMINFIELD>0</ADMINFIELD>
     <COMPTYPE>E</COMPTYPE>
    </DD03P>
    <DD03P>
     <TABNAME>ZANS_0047_BP_S</TABNAME>
     <FIELDNAME>GUID</FIELDNAME>
     <POSITION>0007</POSITION>
     <ROLLNAME>GUID_16</ROLLNAME>
     <ADMINFIELD>0</ADMINFIELD>
     <COMPTYPE>E</COMPTYPE>
    </DD03P>
   </DD03P_TABLE>
  </asx:values>
 </asx:abap>
</abapGit>
