﻿<?xml version="1.0" encoding="utf-8"?>
<abapGit version="v1.0.0" serializer="LCL_OBJECT_CLAS" serializer_version="v1.0.0">
 <asx:abap xmlns:asx="http://www.sap.com/abapxml" version="1.0">
  <asx:values>
   <VSEOCLASS>
    <CLSNAME>ZANS_CL_0047_PARAM</CLSNAME>
    <LANGU>R</LANGU>
    <DESCRIPT>Константы и утилиты для ZANS_0047</DESCRIPT>
    <STATE>1</STATE>
    <CLSCCINCL>X</CLSCCINCL>
    <FIXPT>X</FIXPT>
    <UNICODE>X</UNICODE>
   </VSEOCLASS>
   <DESCRIPTIONS>
    <SEOCOMPOTX>
     <CLSNAME>ZANS_CL_0047_PARAM</CLSNAME>
     <CMPNAME>MC_BU_GROUP_Z01</CMPNAME>
     <LANGU>R</LANGU>
     <DESCRIPT>Российские организации</DESCRIPT>
    </SEOCOMPOTX>
    <SEOCOMPOTX>
     <CLSNAME>ZANS_CL_0047_PARAM</CLSNAME>
     <CMPNAME>MC_BU_GROUP_Z02</CMPNAME>
     <LANGU>R</LANGU>
     <DESCRIPT>Иностранные организации</DESCRIPT>
    </SEOCOMPOTX>
    <SEOCOMPOTX>
     <CLSNAME>ZANS_CL_0047_PARAM</CLSNAME>
     <CMPNAME>MC_BU_GROUP_Z03</CMPNAME>
     <LANGU>R</LANGU>
     <DESCRIPT>Российские кредитные организации</DESCRIPT>
    </SEOCOMPOTX>
    <SEOCOMPOTX>
     <CLSNAME>ZANS_CL_0047_PARAM</CLSNAME>
     <CMPNAME>MC_BU_GROUP_Z04</CMPNAME>
     <LANGU>R</LANGU>
     <DESCRIPT>Иностранные кредитные организации</DESCRIPT>
    </SEOCOMPOTX>
    <SEOCOMPOTX>
     <CLSNAME>ZANS_CL_0047_PARAM</CLSNAME>
     <CMPNAME>MC_CHNGIND_D</CMPNAME>
     <LANGU>R</LANGU>
     <DESCRIPT>Вид изменения: удалить</DESCRIPT>
    </SEOCOMPOTX>
    <SEOCOMPOTX>
     <CLSNAME>ZANS_CL_0047_PARAM</CLSNAME>
     <CMPNAME>MC_CHNGIND_N</CMPNAME>
     <LANGU>R</LANGU>
     <DESCRIPT>Вид изменения: новая запись</DESCRIPT>
    </SEOCOMPOTX>
    <SEOCOMPOTX>
     <CLSNAME>ZANS_CL_0047_PARAM</CLSNAME>
     <CMPNAME>MC_CHNGIND_U</CMPNAME>
     <LANGU>R</LANGU>
     <DESCRIPT>Вид изменения: измененить</DESCRIPT>
    </SEOCOMPOTX>
    <SEOCOMPOTX>
     <CLSNAME>ZANS_CL_0047_PARAM</CLSNAME>
     <CMPNAME>MC_FIELD_ID_ANAMEMGL</CMPNAME>
     <LANGU>R</LANGU>
     <DESCRIPT>Идентификатор атрибута</DESCRIPT>
    </SEOCOMPOTX>
    <SEOCOMPOTX>
     <CLSNAME>ZANS_CL_0047_PARAM</CLSNAME>
     <CMPNAME>MC_FIELD_ID_ANAMEMGR</CMPNAME>
     <LANGU>R</LANGU>
     <DESCRIPT>Идентификатор атрибута</DESCRIPT>
    </SEOCOMPOTX>
    <SEOCOMPOTX>
     <CLSNAME>ZANS_CL_0047_PARAM</CLSNAME>
     <CMPNAME>MC_REFLEVEL_D918</CMPNAME>
     <LANGU>R</LANGU>
     <DESCRIPT>Уровень ведения: Департамент 918 ПАО «Газпром»</DESCRIPT>
    </SEOCOMPOTX>
    <SEOCOMPOTX>
     <CLSNAME>ZANS_CL_0047_PARAM</CLSNAME>
     <CMPNAME>MC_REFLEVEL_FSD</CMPNAME>
     <LANGU>R</LANGU>
     <DESCRIPT>Уровень ведения: Формы сбора данных</DESCRIPT>
    </SEOCOMPOTX>
    <SEOCOMPOTX>
     <CLSNAME>ZANS_CL_0047_PARAM</CLSNAME>
     <CMPNAME>MC_REFLEVEL_OBD</CMPNAME>
     <LANGU>R</LANGU>
     <DESCRIPT>Уровень ведения: ОБД НСИ</DESCRIPT>
    </SEOCOMPOTX>
   </DESCRIPTIONS>
  </asx:values>
 </asx:abap>
</abapGit>
