﻿<?xml version="1.0" encoding="utf-8"?>
<abapGit version="v1.0.0" serializer="LCL_OBJECT_TABL" serializer_version="v1.0.0">
 <asx:abap xmlns:asx="http://www.sap.com/abapxml" version="1.0">
  <asx:values>
   <DD02V>
    <TABNAME>ZANS_0047_BP_ID_CHECK_ALV_S</TABNAME>
    <DDLANGUAGE>R</DDLANGUAGE>
    <TABCLASS>INTTAB</TABCLASS>
    <DDTEXT>Структура шаблона для ALV для ZANS_0047_FIELD_ID_CHECK</DDTEXT>
    <EXCLASS>1</EXCLASS>
   </DD02V>
   <DD03P_TABLE>
    <DD03P>
     <TABNAME>ZANS_0047_BP_ID_CHECK_ALV_S</TABNAME>
     <FIELDNAME>PATNER</FIELDNAME>
     <POSITION>0001</POSITION>
     <ROLLNAME>BU_PARTNER</ROLLNAME>
     <ADMINFIELD>0</ADMINFIELD>
     <SHLPORIGIN>D</SHLPORIGIN>
     <COMPTYPE>E</COMPTYPE>
    </DD03P>
    <DD03P>
     <TABNAME>ZANS_0047_BP_ID_CHECK_ALV_S</TABNAME>
     <FIELDNAME>BU_GROUP</FIELDNAME>
     <POSITION>0002</POSITION>
     <ROLLNAME>BU_GROUP</ROLLNAME>
     <ADMINFIELD>0</ADMINFIELD>
     <COMPTYPE>E</COMPTYPE>
    </DD03P>
    <DD03P>
     <TABNAME>ZANS_0047_BP_ID_CHECK_ALV_S</TABNAME>
     <FIELDNAME>NAME_ORG1</FIELDNAME>
     <POSITION>0003</POSITION>
     <ROLLNAME>BU_NAMEOR1</ROLLNAME>
     <ADMINFIELD>0</ADMINFIELD>
     <COMPTYPE>E</COMPTYPE>
    </DD03P>
    <DD03P>
     <TABNAME>ZANS_0047_BP_ID_CHECK_ALV_S</TABNAME>
     <FIELDNAME>NAME_ORG2</FIELDNAME>
     <POSITION>0004</POSITION>
     <ROLLNAME>BU_NAMEOR2</ROLLNAME>
     <ADMINFIELD>0</ADMINFIELD>
     <COMPTYPE>E</COMPTYPE>
    </DD03P>
    <DD03P>
     <TABNAME>ZANS_0047_BP_ID_CHECK_ALV_S</TABNAME>
     <FIELDNAME>FIELD_ID</FIELDNAME>
     <POSITION>0005</POSITION>
     <ROLLNAME>ZANS_0047_FIELDID</ROLLNAME>
     <ADMINFIELD>0</ADMINFIELD>
     <COMPTYPE>E</COMPTYPE>
    </DD03P>
    <DD03P>
     <TABNAME>ZANS_0047_BP_ID_CHECK_ALV_S</TABNAME>
     <FIELDNAME>BEGDA</FIELDNAME>
     <POSITION>0006</POSITION>
     <ROLLNAME>ZANS_BEGDA</ROLLNAME>
     <ADMINFIELD>0</ADMINFIELD>
     <SHLPORIGIN>T</SHLPORIGIN>
     <COMPTYPE>E</COMPTYPE>
    </DD03P>
   </DD03P_TABLE>
  </asx:values>
 </asx:abap>
</abapGit>
