﻿<?xml version="1.0" encoding="utf-8"?>
<abapGit version="v1.0.0" serializer="LCL_OBJECT_FUGR" serializer_version="v1.0.0">
 <asx:abap xmlns:asx="http://www.sap.com/abapxml" version="1.0">
  <asx:values>
   <AREAT>Работа с Атрибуты участника МГК (9001)</AREAT>
   <INCLUDES>
    <SOBJ_NAME>LZANS_0047_BPCUST_9001F01</SOBJ_NAME>
    <SOBJ_NAME>LZANS_0047_BPCUST_9001I01</SOBJ_NAME>
    <SOBJ_NAME>LZANS_0047_BPCUST_9001O01</SOBJ_NAME>
    <SOBJ_NAME>LZANS_0047_BPCUST_9001TOP</SOBJ_NAME>
    <SOBJ_NAME>SAPLZANS_0047_BPCUST_9001</SOBJ_NAME>
   </INCLUDES>
   <FUNCTIONS>
    <item>
     <FUNCNAME>Z_ANS_0047_9001_EVENT_DSAVE</FUNCNAME>
     <SHORT_TEXT>Событие: сохранить</SHORT_TEXT>
    </item>
    <item>
     <FUNCNAME>Z_ANS_0047_9001_EVENT_FCODE</FUNCNAME>
     <SHORT_TEXT>Событие: обработка функциональный кодов</SHORT_TEXT>
     <IMPORT>
      <RSIMP>
       <PARAMETER>I_FCODE</PARAMETER>
       <OPTIONAL>X</OPTIONAL>
       <REFERENCE>X</REFERENCE>
       <TYP>BU_FCODE</TYP>
      </RSIMP>
      <RSIMP>
       <PARAMETER>I_CRSFIELD</PARAMETER>
       <OPTIONAL>X</OPTIONAL>
       <REFERENCE>X</REFERENCE>
       <TYP>BU_TBFLD</TYP>
      </RSIMP>
      <RSIMP>
       <PARAMETER>I_CRSLINE</PARAMETER>
       <OPTIONAL>X</OPTIONAL>
       <REFERENCE>X</REFERENCE>
       <TYP>SYST_LILLI</TYP>
      </RSIMP>
     </IMPORT>
     <EXPORT>
      <RSEXP>
       <PARAMETER>E_XHANDLE</PARAMETER>
       <TYP>C</TYP>
      </RSEXP>
     </EXPORT>
     <DOCUMENTATION>
      <RSFDO>
       <PARAMETER>I_FCODE</PARAMETER>
       <KIND>P</KIND>
       <STEXT>Код функции GUI</STEXT>
       <INDEX> 001</INDEX>
      </RSFDO>
      <RSFDO>
       <PARAMETER>I_CRSFIELD</PARAMETER>
       <KIND>P</KIND>
       <STEXT>Поле таблицы (имя таблицы-имя поля)</STEXT>
       <INDEX> 002</INDEX>
      </RSFDO>
      <RSFDO>
       <PARAMETER>I_CRSLINE</PARAMETER>
       <KIND>P</KIND>
       <STEXT>Системное поле: выбранная строка списка</STEXT>
       <INDEX> 003</INDEX>
      </RSFDO>
      <RSFDO>
       <PARAMETER>E_XHANDLE</PARAMETER>
       <KIND>P</KIND>
       <STEXT>OK-code</STEXT>
       <INDEX> 004</INDEX>
      </RSFDO>
     </DOCUMENTATION>
    </item>
    <item>
     <FUNCNAME>Z_ANS_0047_9001_EVENT_XCHNG</FUNCNAME>
     <SHORT_TEXT>Событие: проверка изменений данных</SHORT_TEXT>
     <EXPORT>
      <RSEXP>
       <PARAMETER>E_XCHNG</PARAMETER>
       <TYP>BU_XCHNG</TYP>
      </RSEXP>
     </EXPORT>
     <DOCUMENTATION>
      <RSFDO>
       <PARAMETER>E_XCHNG</PARAMETER>
       <KIND>P</KIND>
       <STEXT>Индикатор: данные изменены</STEXT>
       <INDEX> 001</INDEX>
      </RSFDO>
     </DOCUMENTATION>
    </item>
    <item>
     <FUNCNAME>Z_ANS_0047_9001_PAI_MISC</FUNCNAME>
     <SHORT_TEXT>PAI for screen 9001</SHORT_TEXT>
     <IMPORT>
      <RSIMP>
       <PARAMETER>I_SICHT</PARAMETER>
       <REFERENCE>X</REFERENCE>
       <TYP>BU_SICHT</TYP>
      </RSIMP>
     </IMPORT>
     <DOCUMENTATION>
      <RSFDO>
       <PARAMETER>I_SICHT</PARAMETER>
       <KIND>P</KIND>
       <STEXT>Ракурс</STEXT>
       <INDEX> 001</INDEX>
      </RSFDO>
     </DOCUMENTATION>
    </item>
    <item>
     <FUNCNAME>Z_ANS_0047_9001_PBO_MISC</FUNCNAME>
     <SHORT_TEXT>PBO for screen 9001</SHORT_TEXT>
     <IMPORT>
      <RSIMP>
       <PARAMETER>I_SICHT</PARAMETER>
       <REFERENCE>X</REFERENCE>
       <TYP>BU_SICHT</TYP>
      </RSIMP>
     </IMPORT>
     <DOCUMENTATION>
      <RSFDO>
       <PARAMETER>I_SICHT</PARAMETER>
       <KIND>P</KIND>
       <STEXT>Ракурс</STEXT>
       <INDEX> 001</INDEX>
      </RSFDO>
     </DOCUMENTATION>
    </item>
   </FUNCTIONS>
   <DYNPROS>
    <item>
     <HEADER>
      <PROGRAM>SAPLZANS_0047_BPCUST_9001</PROGRAM>
      <SCREEN>9001</SCREEN>
      <LANGUAGE>R</LANGUAGE>
      <DESCRIPT>Атрибуты участника МГК</DESCRIPT>
      <TYPE>I</TYPE>
      <NEXTSCREEN>9001</NEXTSCREEN>
      <LINES>042</LINES>
      <COLUMNS>160</COLUMNS>
     </HEADER>
     <CONTAINERS>
      <RPY_DYCATT>
       <TYPE>SCREEN</TYPE>
       <NAME>SCREEN</NAME>
      </RPY_DYCATT>
      <RPY_DYCATT>
       <TYPE>TABLE_CTRL</TYPE>
       <NAME>GSCR_TAB</NAME>
       <ELEMENT_OF>SCREEN</ELEMENT_OF>
       <LINE>003</LINE>
       <COLUMN>001</COLUMN>
       <LENGTH>115</LENGTH>
       <HEIGHT>012</HEIGHT>
       <C_SCROLL_V>X</C_SCROLL_V>
       <C_SCROLL_H>X</C_SCROLL_H>
       <TC_TABTYPE>ENTRY</TC_TABTYPE>
       <TC_SEPAR_V>X</TC_SEPAR_V>
       <TC_SEPAR_H>X</TC_SEPAR_H>
       <TC_TITLE>X</TC_TITLE>
       <TC_HEADER>X</TC_HEADER>
       <TC_CONFIG>X</TC_CONFIG>
       <TC_SEL_LNS>SINGLE</TC_SEL_LNS>
       <TC_SEL_CLS>SINGLE</TC_SEL_CLS>
      </RPY_DYCATT>
      <RPY_DYCATT>
       <TYPE>CUST_CTRL</TYPE>
       <NAME>CTRL_TXT_9001</NAME>
       <ELEMENT_OF>SCREEN</ELEMENT_OF>
       <LINE>017</LINE>
       <COLUMN>001</COLUMN>
       <LENGTH>115</LENGTH>
       <HEIGHT>010</HEIGHT>
      </RPY_DYCATT>
     </CONTAINERS>
     <FIELDS>
      <RPY_DYFATC>
       <CONT_TYPE>SCREEN</CONT_TYPE>
       <CONT_NAME>SCREEN</CONT_NAME>
       <TYPE>TEXT</TYPE>
       <NAME>*GV_FIN_YEAR</NAME>
       <TEXT>Отчетный_период</TEXT>
       <LINE>002</LINE>
       <COLUMN>001</COLUMN>
       <LENGTH>015</LENGTH>
       <VISLENGTH>015</VISLENGTH>
       <HEIGHT>001</HEIGHT>
       <FORMAT>CHAR</FORMAT>
       <REQU_ENTRY>N</REQU_ENTRY>
       <LABELLEFT>X</LABELLEFT>
      </RPY_DYFATC>
      <RPY_DYFATC>
       <CONT_TYPE>SCREEN</CONT_TYPE>
       <CONT_NAME>SCREEN</CONT_NAME>
       <TYPE>TEMPLATE</TYPE>
       <NAME>GV_FIN_YEAR</NAME>
       <TEXT>_____</TEXT>
       <DROPDOWN>L</DROPDOWN>
       <LINE>002</LINE>
       <COLUMN>017</COLUMN>
       <LENGTH>005</LENGTH>
       <VISLENGTH>008</VISLENGTH>
       <HEIGHT>001</HEIGHT>
       <PUSH_FCODE>GSCR_TAB_FY</PUSH_FCODE>
       <FORMAT>NUMC</FORMAT>
       <SET_PARAM>X</SET_PARAM>
       <GET_PARAM>X</GET_PARAM>
       <INPUT_FLD>X</INPUT_FLD>
       <OUTPUT_FLD>X</OUTPUT_FLD>
      </RPY_DYFATC>
      <RPY_DYFATC>
       <CONT_TYPE>SCREEN</CONT_TYPE>
       <CONT_NAME>SCREEN</CONT_NAME>
       <TYPE>CHECK</TYPE>
       <NAME>GV_MGK</NAME>
       <TEXT>Участник_МГК</TEXT>
       <LINE>002</LINE>
       <COLUMN>028</COLUMN>
       <LENGTH>014</LENGTH>
       <VISLENGTH>014</VISLENGTH>
       <HEIGHT>001</HEIGHT>
       <GROUP1>BUT</GROUP1>
       <PUSH_FCODE>GSCR_TAB_MGK</PUSH_FCODE>
       <FORMAT>CHAR</FORMAT>
       <INPUT_FLD>X</INPUT_FLD>
       <OUTPUT_FLD>X</OUTPUT_FLD>
      </RPY_DYFATC>
      <RPY_DYFATC>
       <CONT_TYPE>SCREEN</CONT_TYPE>
       <CONT_NAME>SCREEN</CONT_NAME>
       <TYPE>CHECK</TYPE>
       <NAME>GV_KGN</NAME>
       <TEXT>Участник_КГН_для_АСКО</TEXT>
       <LINE>002</LINE>
       <COLUMN>045</COLUMN>
       <LENGTH>023</LENGTH>
       <VISLENGTH>023</VISLENGTH>
       <HEIGHT>001</HEIGHT>
       <GROUP1>BUT</GROUP1>
       <GROUP4>KGN</GROUP4>
       <PUSH_FCODE>GSCR_TAB_KGN</PUSH_FCODE>
       <FORMAT>CHAR</FORMAT>
       <OUTPUT_FLD>X</OUTPUT_FLD>
       <REQU_ENTRY>N</REQU_ENTRY>
       <INVISIBLE>X</INVISIBLE>
      </RPY_DYFATC>
      <RPY_DYFATC>
       <CONT_TYPE>SCREEN</CONT_TYPE>
       <CONT_NAME>SCREEN</CONT_NAME>
       <TYPE>PUSH</TYPE>
       <NAME>GSCR_TAB_TOP</NAME>
       <ICON_NAME>ICON_FIRST_PAGE</ICON_NAME>
       <WITH_ICON>X</WITH_ICON>
       <LINE>015</LINE>
       <COLUMN>001</COLUMN>
       <LENGTH>004</LENGTH>
       <VISLENGTH>003</VISLENGTH>
       <HEIGHT>001</HEIGHT>
       <GROUP1>PAG</GROUP1>
       <PUSH_FCODE>GSCR_TAB_P--</PUSH_FCODE>
       <FORMAT>CHAR</FORMAT>
       <REQU_ENTRY>N</REQU_ENTRY>
      </RPY_DYFATC>
      <RPY_DYFATC>
       <CONT_TYPE>SCREEN</CONT_TYPE>
       <CONT_NAME>SCREEN</CONT_NAME>
       <TYPE>PUSH</TYPE>
       <NAME>GSCR_TAB_PREVIOUS</NAME>
       <ICON_NAME>ICON_PREVIOUS_PAGE</ICON_NAME>
       <WITH_ICON>X</WITH_ICON>
       <LINE>015</LINE>
       <COLUMN>005</COLUMN>
       <LENGTH>004</LENGTH>
       <VISLENGTH>003</VISLENGTH>
       <HEIGHT>001</HEIGHT>
       <GROUP1>PAG</GROUP1>
       <PUSH_FCODE>GSCR_TAB_P-</PUSH_FCODE>
       <FORMAT>CHAR</FORMAT>
       <REQU_ENTRY>N</REQU_ENTRY>
      </RPY_DYFATC>
      <RPY_DYFATC>
       <CONT_TYPE>SCREEN</CONT_TYPE>
       <CONT_NAME>SCREEN</CONT_NAME>
       <TYPE>PUSH</TYPE>
       <NAME>GSCR_TAB_NEXT</NAME>
       <ICON_NAME>ICON_NEXT_PAGE</ICON_NAME>
       <WITH_ICON>X</WITH_ICON>
       <LINE>015</LINE>
       <COLUMN>009</COLUMN>
       <LENGTH>004</LENGTH>
       <VISLENGTH>003</VISLENGTH>
       <HEIGHT>001</HEIGHT>
       <GROUP1>PAG</GROUP1>
       <PUSH_FCODE>GSCR_TAB_P+</PUSH_FCODE>
       <FORMAT>CHAR</FORMAT>
       <REQU_ENTRY>N</REQU_ENTRY>
      </RPY_DYFATC>
      <RPY_DYFATC>
       <CONT_TYPE>SCREEN</CONT_TYPE>
       <CONT_NAME>SCREEN</CONT_NAME>
       <TYPE>PUSH</TYPE>
       <NAME>GSCR_TAB_BOTTOM</NAME>
       <ICON_NAME>ICON_LAST_PAGE</ICON_NAME>
       <WITH_ICON>X</WITH_ICON>
       <LINE>015</LINE>
       <COLUMN>013</COLUMN>
       <LENGTH>004</LENGTH>
       <VISLENGTH>003</VISLENGTH>
       <HEIGHT>001</HEIGHT>
       <GROUP1>PAG</GROUP1>
       <PUSH_FCODE>GSCR_TAB_P++</PUSH_FCODE>
       <FORMAT>CHAR</FORMAT>
       <REQU_ENTRY>N</REQU_ENTRY>
      </RPY_DYFATC>
      <RPY_DYFATC>
       <CONT_TYPE>SCREEN</CONT_TYPE>
       <CONT_NAME>SCREEN</CONT_NAME>
       <TYPE>OKCODE</TYPE>
       <TEXT>____________________</TEXT>
       <LENGTH>020</LENGTH>
       <VISLENGTH>020</VISLENGTH>
       <HEIGHT>001</HEIGHT>
       <FORMAT>CHAR</FORMAT>
       <INPUT_FLD>X</INPUT_FLD>
      </RPY_DYFATC>
      <RPY_DYFATC>
       <CONT_TYPE>TABLE_CTRL</CONT_TYPE>
       <CONT_NAME>GSCR_TAB</CONT_NAME>
       <TYPE>TEXT</TYPE>
       <NAME>GV_GSCR_TAB_TITLE</NAME>
       <TEXT>Атрибуты_зависящие_от_времени</TEXT>
       <LINE>001</LINE>
       <LENGTH>029</LENGTH>
       <VISLENGTH>115</VISLENGTH>
       <HEIGHT>001</HEIGHT>
       <FORMAT>CHAR</FORMAT>
       <REQU_ENTRY>N</REQU_ENTRY>
       <TC_TITLE>X</TC_TITLE>
      </RPY_DYFATC>
      <RPY_DYFATC>
       <CONT_TYPE>TABLE_CTRL</CONT_TYPE>
       <CONT_NAME>GSCR_TAB</CONT_NAME>
       <TYPE>TEXT</TYPE>
       <NAME>GS_GSCR_TAB_WA-FIELDNAME</NAME>
       <TEXT>Атрибут</TEXT>
       <LINE>001</LINE>
       <COLUMN>002</COLUMN>
       <LENGTH>007</LENGTH>
       <VISLENGTH>007</VISLENGTH>
       <HEIGHT>001</HEIGHT>
       <FORMAT>CHAR</FORMAT>
       <REQU_ENTRY>N</REQU_ENTRY>
       <TC_HEADING>X</TC_HEADING>
      </RPY_DYFATC>
      <RPY_DYFATC>
       <CONT_TYPE>TABLE_CTRL</CONT_TYPE>
       <CONT_NAME>GSCR_TAB</CONT_NAME>
       <TYPE>TEXT</TYPE>
       <NAME>GS_GSCR_TAB_WA-FIELDCONTENT</NAME>
       <TEXT>Значение_атрибута</TEXT>
       <LINE>001</LINE>
       <COLUMN>003</COLUMN>
       <LENGTH>017</LENGTH>
       <VISLENGTH>027</VISLENGTH>
       <HEIGHT>001</HEIGHT>
       <FORMAT>CHAR</FORMAT>
       <REQU_ENTRY>N</REQU_ENTRY>
       <TC_HEADING>X</TC_HEADING>
      </RPY_DYFATC>
      <RPY_DYFATC>
       <CONT_TYPE>TABLE_CTRL</CONT_TYPE>
       <CONT_NAME>GSCR_TAB</CONT_NAME>
       <TYPE>PUSH</TYPE>
       <NAME>PUSH_GSCR_TAB_MARK</NAME>
       <TEXT>___</TEXT>
       <ICON_NAME>ICON_CHANGE_TEXT</ICON_NAME>
       <WITH_ICON>X</WITH_ICON>
       <LINE>001</LINE>
       <COLUMN>001</COLUMN>
       <LENGTH>008</LENGTH>
       <VISLENGTH>003</VISLENGTH>
       <HEIGHT>001</HEIGHT>
       <PUSH_FCODE>GSCR_TAB_MARK</PUSH_FCODE>
       <FORMAT>CHAR</FORMAT>
       <REQU_ENTRY>N</REQU_ENTRY>
      </RPY_DYFATC>
      <RPY_DYFATC>
       <CONT_TYPE>TABLE_CTRL</CONT_TYPE>
       <CONT_NAME>GSCR_TAB</CONT_NAME>
       <TYPE>TEMPLATE</TYPE>
       <NAME>GS_GSCR_TAB_WA-FIELDNAME</NAME>
       <TEXT>____________________________________________________________________________________________________________________________________</TEXT>
       <ROLLING>X</ROLLING>
       <LINE>001</LINE>
       <COLUMN>002</COLUMN>
       <LENGTH>255</LENGTH>
       <VISLENGTH>040</VISLENGTH>
       <HEIGHT>001</HEIGHT>
       <FORMAT>CHAR</FORMAT>
       <UP_LOWER>X</UP_LOWER>
       <OUTPUT_FLD>X</OUTPUT_FLD>
       <OUTPUTONLY>X</OUTPUTONLY>
       <REQU_ENTRY>N</REQU_ENTRY>
      </RPY_DYFATC>
      <RPY_DYFATC>
       <CONT_TYPE>TABLE_CTRL</CONT_TYPE>
       <CONT_NAME>GSCR_TAB</CONT_NAME>
       <TYPE>TEMPLATE</TYPE>
       <NAME>GS_GSCR_TAB_WA-FIELDCONTENT</NAME>
       <TEXT>____________________________________________________________________________________________________________________________________</TEXT>
       <ROLLING>X</ROLLING>
       <LINE>001</LINE>
       <COLUMN>003</COLUMN>
       <LENGTH>255</LENGTH>
       <VISLENGTH>132</VISLENGTH>
       <HEIGHT>001</HEIGHT>
       <FORMAT>CHAR</FORMAT>
       <OUTPUT_FLD>X</OUTPUT_FLD>
       <OUTPUTONLY>X</OUTPUTONLY>
       <REQU_ENTRY>N</REQU_ENTRY>
      </RPY_DYFATC>
     </FIELDS>
     <FLOW_LOGIC>
      <RPY_DYFLOW>
       <LINE>PROCESS BEFORE OUTPUT.</LINE>
      </RPY_DYFLOW>
      <RPY_DYFLOW>
       <LINE>MODULE gscr_set_scr_attr.</LINE>
      </RPY_DYFLOW>
      <RPY_DYFLOW>
       <LINE>*&amp;SPWIZARD: PBO FLOW LOGIC FOR TABLECONTROL &apos;GSCR_TAB&apos;</LINE>
      </RPY_DYFLOW>
      <RPY_DYFLOW>
       <LINE>MODULE gscr_tab_change_tc_attr.</LINE>
      </RPY_DYFLOW>
      <RPY_DYFLOW/>
      <RPY_DYFLOW>
       <LINE>LOOP AT   gt_gscr_tab_itab</LINE>
      </RPY_DYFLOW>
      <RPY_DYFLOW>
       <LINE>INTO gs_gscr_tab_wa</LINE>
      </RPY_DYFLOW>
      <RPY_DYFLOW>
       <LINE>WITH CONTROL gscr_tab</LINE>
      </RPY_DYFLOW>
      <RPY_DYFLOW>
       <LINE>CURSOR gscr_tab-current_line.</LINE>
      </RPY_DYFLOW>
      <RPY_DYFLOW>
       <LINE>MODULE gscr_tab_get_lines.</LINE>
      </RPY_DYFLOW>
      <RPY_DYFLOW>
       <LINE>ENDLOOP.</LINE>
      </RPY_DYFLOW>
      <RPY_DYFLOW/>
      <RPY_DYFLOW>
       <LINE>MODULE gscr_tab_change_scr.</LINE>
      </RPY_DYFLOW>
      <RPY_DYFLOW>
       <LINE>MODULE init_txt_ctrl.</LINE>
      </RPY_DYFLOW>
      <RPY_DYFLOW>
       <LINE>MODULE set_current_text.</LINE>
      </RPY_DYFLOW>
      <RPY_DYFLOW/>
      <RPY_DYFLOW>
       <LINE>*</LINE>
      </RPY_DYFLOW>
      <RPY_DYFLOW>
       <LINE>PROCESS AFTER INPUT.</LINE>
      </RPY_DYFLOW>
      <RPY_DYFLOW>
       <LINE>*&amp;SPWIZARD: PAI FLOW LOGIC FOR TABLECONTROL &apos;GSCR_TAB&apos;</LINE>
      </RPY_DYFLOW>
      <RPY_DYFLOW/>
      <RPY_DYFLOW>
       <LINE>LOOP AT gt_gscr_tab_itab.</LINE>
      </RPY_DYFLOW>
      <RPY_DYFLOW>
       <LINE>CHAIN.</LINE>
      </RPY_DYFLOW>
      <RPY_DYFLOW>
       <LINE>FIELD gs_gscr_tab_wa-fieldname.</LINE>
      </RPY_DYFLOW>
      <RPY_DYFLOW>
       <LINE>FIELD gs_gscr_tab_wa-fieldcontent.</LINE>
      </RPY_DYFLOW>
      <RPY_DYFLOW/>
      <RPY_DYFLOW>
       <LINE>*      MODULE gscr_tab_modify ON CHAIN-REQUEST.</LINE>
      </RPY_DYFLOW>
      <RPY_DYFLOW>
       <LINE>ENDCHAIN.</LINE>
      </RPY_DYFLOW>
      <RPY_DYFLOW>
       <LINE>ENDLOOP.</LINE>
      </RPY_DYFLOW>
      <RPY_DYFLOW/>
      <RPY_DYFLOW>
       <LINE>MODULE gscr_tab_modify.</LINE>
      </RPY_DYFLOW>
      <RPY_DYFLOW/>
      <RPY_DYFLOW>
       <LINE>*  MODULE gscr_tab_user_command.</LINE>
      </RPY_DYFLOW>
      <RPY_DYFLOW/>
      <RPY_DYFLOW>
       <LINE>*  MODULE takeover_text.</LINE>
      </RPY_DYFLOW>
      <RPY_DYFLOW>
       <LINE>*&amp;SPWIZARD: MODULE GSCR_TAB_CHANGE_TC_ATTR.</LINE>
      </RPY_DYFLOW>
      <RPY_DYFLOW>
       <LINE>*&amp;SPWIZARD: MODULE GSCR_TAB_CHANGE_COL_ATTR.</LINE>
      </RPY_DYFLOW>
     </FLOW_LOGIC>
     <SPACES>
      <item>0</item>
      <item>2</item>
      <item>0</item>
      <item>2</item>
      <item>0</item>
      <item>2</item>
      <item>7</item>
      <item>7</item>
      <item>7</item>
      <item>4</item>
      <item>2</item>
      <item>0</item>
      <item>2</item>
      <item>2</item>
      <item>2</item>
      <item>0</item>
      <item>0</item>
      <item>0</item>
      <item>0</item>
      <item>0</item>
      <item>2</item>
      <item>4</item>
      <item>6</item>
      <item>6</item>
      <item>0</item>
      <item>0</item>
      <item>4</item>
      <item>2</item>
      <item>0</item>
      <item>2</item>
      <item>0</item>
      <item>0</item>
      <item>0</item>
      <item>0</item>
      <item>0</item>
      <item>0</item>
     </SPACES>
    </item>
   </DYNPROS>
   <CUA>
    <ADM>
     <ACTCODE>000001</ACTCODE>
     <PFKCODE>000001</PFKCODE>
    </ADM>
    <FUN>
     <RSMPE_FUNT>
      <CODE>FIRST_PAGE</CODE>
      <TEXTNO>001</TEXTNO>
      <TEXT_TYPE>S</TEXT_TYPE>
      <TEXT_NAME>ICON_TOTAL_UP</TEXT_NAME>
      <ICON_ID>@HF@</ICON_ID>
      <FUN_TEXT>До конца вверх</FUN_TEXT>
     </RSMPE_FUNT>
     <RSMPE_FUNT>
      <CODE>LAST_PAGE</CODE>
      <TEXTNO>001</TEXTNO>
      <TEXT_TYPE>S</TEXT_TYPE>
      <TEXT_NAME>ICON_TOTAL_DOWN</TEXT_NAME>
      <ICON_ID>@HG@</ICON_ID>
      <FUN_TEXT>До конца вниз</FUN_TEXT>
     </RSMPE_FUNT>
     <RSMPE_FUNT>
      <CODE>NEXT_LINE</CODE>
      <TEXTNO>001</TEXTNO>
      <TEXT_TYPE>S</TEXT_TYPE>
      <TEXT_NAME>ICON_PREVIOUS_VALUE</TEXT_NAME>
      <ICON_ID>@0H@</ICON_ID>
      <FUN_TEXT>На строку вниз</FUN_TEXT>
     </RSMPE_FUNT>
     <RSMPE_FUNT>
      <CODE>NEXT_PAGE</CODE>
      <TEXTNO>001</TEXTNO>
      <TEXT_TYPE>S</TEXT_TYPE>
      <TEXT_NAME>ICON_PAGE_DOWN</TEXT_NAME>
      <ICON_ID>@HI@</ICON_ID>
      <FUN_TEXT>Следующая страница</FUN_TEXT>
     </RSMPE_FUNT>
     <RSMPE_FUNT>
      <CODE>PREV_LINE</CODE>
      <TEXTNO>001</TEXTNO>
      <TEXT_TYPE>S</TEXT_TYPE>
      <TEXT_NAME>ICON_NEXT_VALUE</TEXT_NAME>
      <ICON_ID>@0I@</ICON_ID>
      <FUN_TEXT>На строку вверх</FUN_TEXT>
     </RSMPE_FUNT>
     <RSMPE_FUNT>
      <CODE>PREV_PAGE</CODE>
      <TEXTNO>001</TEXTNO>
      <TEXT_TYPE>S</TEXT_TYPE>
      <TEXT_NAME>ICON_PAGE_UP</TEXT_NAME>
      <ICON_ID>@HH@</ICON_ID>
      <FUN_TEXT>На страницу вверх</FUN_TEXT>
     </RSMPE_FUNT>
    </FUN>
    <BUT>
     <RSMPE_BUT>
      <PFK_CODE>000001</PFK_CODE>
      <CODE>0001</CODE>
      <NO>01</NO>
      <PFNO>25</PFNO>
     </RSMPE_BUT>
     <RSMPE_BUT>
      <PFK_CODE>000001</PFK_CODE>
      <CODE>0001</CODE>
      <NO>02</NO>
      <PFNO>26</PFNO>
     </RSMPE_BUT>
     <RSMPE_BUT>
      <PFK_CODE>000001</PFK_CODE>
      <CODE>0001</CODE>
      <NO>03</NO>
      <PFNO>27</PFNO>
     </RSMPE_BUT>
     <RSMPE_BUT>
      <PFK_CODE>000001</PFK_CODE>
      <CODE>0001</CODE>
      <NO>04</NO>
      <PFNO>28</PFNO>
     </RSMPE_BUT>
     <RSMPE_BUT>
      <PFK_CODE>000001</PFK_CODE>
      <CODE>0001</CODE>
      <NO>05</NO>
      <PFNO>29</PFNO>
     </RSMPE_BUT>
     <RSMPE_BUT>
      <PFK_CODE>000001</PFK_CODE>
      <CODE>0001</CODE>
      <NO>06</NO>
      <PFNO>30</PFNO>
     </RSMPE_BUT>
    </BUT>
    <PFK>
     <RSMPE_PFK>
      <CODE>000001</CODE>
      <PFNO>25</PFNO>
      <FUNCODE>FIRST_PAGE</FUNCODE>
      <FUNNO>001</FUNNO>
     </RSMPE_PFK>
     <RSMPE_PFK>
      <CODE>000001</CODE>
      <PFNO>26</PFNO>
      <FUNCODE>PREV_PAGE</FUNCODE>
      <FUNNO>001</FUNNO>
     </RSMPE_PFK>
     <RSMPE_PFK>
      <CODE>000001</CODE>
      <PFNO>27</PFNO>
      <FUNCODE>PREV_LINE</FUNCODE>
      <FUNNO>001</FUNNO>
     </RSMPE_PFK>
     <RSMPE_PFK>
      <CODE>000001</CODE>
      <PFNO>28</PFNO>
      <FUNCODE>NEXT_LINE</FUNCODE>
      <FUNNO>001</FUNNO>
     </RSMPE_PFK>
     <RSMPE_PFK>
      <CODE>000001</CODE>
      <PFNO>29</PFNO>
      <FUNCODE>NEXT_PAGE</FUNCODE>
      <FUNNO>001</FUNNO>
     </RSMPE_PFK>
     <RSMPE_PFK>
      <CODE>000001</CODE>
      <PFNO>30</PFNO>
      <FUNCODE>LAST_PAGE</FUNCODE>
      <FUNNO>001</FUNNO>
     </RSMPE_PFK>
    </PFK>
    <DOC>
     <RSMPE_ATRT>
      <OBJ_TYPE>A</OBJ_TYPE>
      <OBJ_CODE>000001</OBJ_CODE>
      <MODAL>D</MODAL>
      <INT_NOTE>Атрибуты участника МГК</INT_NOTE>
     </RSMPE_ATRT>
     <RSMPE_ATRT>
      <OBJ_TYPE>P</OBJ_TYPE>
      <OBJ_CODE>000001</OBJ_CODE>
      <MODAL>D</MODAL>
      <INT_NOTE>Атрибуты участника МГК</INT_NOTE>
     </RSMPE_ATRT>
     <RSMPE_ATRT>
      <OBJ_TYPE>B</OBJ_TYPE>
      <OBJ_CODE>000001</OBJ_CODE>
      <SUB_CODE>0001</SUB_CODE>
      <MODAL>D</MODAL>
      <INT_NOTE>Атрибуты участника МГК</INT_NOTE>
     </RSMPE_ATRT>
    </DOC>
   </CUA>
  </asx:values>
 </asx:abap>
</abapGit>
