﻿<?xml version="1.0" encoding="utf-8"?>
<abapGit version="v1.0.0" serializer="LCL_OBJECT_DTEL" serializer_version="v1.0.0">
 <asx:abap xmlns:asx="http://www.sap.com/abapxml" version="1.0">
  <asx:values>
   <DD04V>
    <ROLLNAME>ZANS_0047_FDNAME</ROLLNAME>
    <DDLANGUAGE>R</DDLANGUAGE>
    <DOMNAME>FDNAME</DOMNAME>
    <MEMORYID>DFD</MEMORYID>
    <LOGFLAG>X</LOGFLAG>
    <HEADLEN>10</HEADLEN>
    <SCRLEN1>10</SCRLEN1>
    <SCRLEN2>15</SCRLEN2>
    <SCRLEN3>18</SCRLEN3>
    <DDTEXT>Имя поля</DDTEXT>
    <REPTEXT>Имя поля</REPTEXT>
    <SCRTEXT_S>Поле</SCRTEXT_S>
    <SCRTEXT_M>Имя поля</SCRTEXT_M>
    <SCRTEXT_L>Имя поля</SCRTEXT_L>
    <APPLCLASS>SDIC</APPLCLASS>
    <AUTHCLASS>01</AUTHCLASS>
    <DTELMASTER>R</DTELMASTER>
    <REFKIND>D</REFKIND>
   </DD04V>
   <I18N_LANGS>
    <LANGU>D</LANGU>
    <LANGU>E</LANGU>
   </I18N_LANGS>
   <DD04_TEXTS>
    <item>
     <DDLANGUAGE>D</DDLANGUAGE>
     <DDTEXT>Feldname</DDTEXT>
     <REPTEXT>Feldname</REPTEXT>
     <SCRTEXT_S>Feld</SCRTEXT_S>
     <SCRTEXT_M>Feldname</SCRTEXT_M>
     <SCRTEXT_L>Feldname</SCRTEXT_L>
    </item>
    <item>
     <DDLANGUAGE>E</DDLANGUAGE>
     <DDTEXT>Field Name</DDTEXT>
     <REPTEXT>Field Name</REPTEXT>
     <SCRTEXT_S>Field</SCRTEXT_S>
     <SCRTEXT_M>Field Name</SCRTEXT_M>
     <SCRTEXT_L>Field Name</SCRTEXT_L>
    </item>
   </DD04_TEXTS>
  </asx:values>
 </asx:abap>
</abapGit>
