﻿<?xml version="1.0" encoding="utf-8"?>
<abapGit version="v1.0.0" serializer="LCL_OBJECT_CLAS" serializer_version="v1.0.0">
 <asx:abap xmlns:asx="http://www.sap.com/abapxml" version="1.0">
  <asx:values>
   <VSEOCLASS>
    <CLSNAME>ZANS_CL_0047_BP</CLSNAME>
    <LANGU>R</LANGU>
    <DESCRIPT>Работа с Атрибуты участника МГК</DESCRIPT>
    <STATE>1</STATE>
    <CLSCCINCL>X</CLSCCINCL>
    <FIXPT>X</FIXPT>
    <UNICODE>X</UNICODE>
   </VSEOCLASS>
   <DESCRIPTIONS>
    <SEOCOMPOTX>
     <CLSNAME>ZANS_CL_0047_BP</CLSNAME>
     <CMPNAME>CONSTRUCTOR</CMPNAME>
     <LANGU>R</LANGU>
     <DESCRIPT>CONSTRUCTOR</DESCRIPT>
    </SEOCOMPOTX>
    <SEOCOMPOTX>
     <CLSNAME>ZANS_CL_0047_BP</CLSNAME>
     <CMPNAME>MC_BEG_CONS</CMPNAME>
     <LANGU>R</LANGU>
     <DESCRIPT>Идентификатор атрибута</DESCRIPT>
    </SEOCOMPOTX>
    <SEOCOMPOTX>
     <CLSNAME>ZANS_CL_0047_BP</CLSNAME>
     <CMPNAME>MC_DATE_BEG_CONS</CMPNAME>
     <LANGU>R</LANGU>
     <DESCRIPT>Идентификатор атрибута</DESCRIPT>
    </SEOCOMPOTX>
    <SEOCOMPOTX>
     <CLSNAME>ZANS_CL_0047_BP</CLSNAME>
     <CMPNAME>MC_DATE_END_CONS</CMPNAME>
     <LANGU>R</LANGU>
     <DESCRIPT>Идентификатор атрибута</DESCRIPT>
    </SEOCOMPOTX>
    <SEOCOMPOTX>
     <CLSNAME>ZANS_CL_0047_BP</CLSNAME>
     <CMPNAME>MC_LEAVING</CMPNAME>
     <LANGU>R</LANGU>
     <DESCRIPT>Идентификатор атрибута</DESCRIPT>
    </SEOCOMPOTX>
    <SEOCOMPOTX>
     <CLSNAME>ZANS_CL_0047_BP</CLSNAME>
     <CMPNAME>MC_MAX_DATE</CMPNAME>
     <LANGU>R</LANGU>
     <DESCRIPT>Системное поле: текущая дата сервера приложения</DESCRIPT>
    </SEOCOMPOTX>
    <SEOCOMPOTX>
     <CLSNAME>ZANS_CL_0047_BP</CLSNAME>
     <CMPNAME>MC_SNAME_EN_CONS</CMPNAME>
     <LANGU>R</LANGU>
     <DESCRIPT>Идентификатор атрибута</DESCRIPT>
    </SEOCOMPOTX>
    <SEOCOMPOTX>
     <CLSNAME>ZANS_CL_0047_BP</CLSNAME>
     <CMPNAME>MC_SNAME_RU_CONS</CMPNAME>
     <LANGU>R</LANGU>
     <DESCRIPT>Идентификатор атрибута</DESCRIPT>
    </SEOCOMPOTX>
    <SEOCOMPOTX>
     <CLSNAME>ZANS_CL_0047_BP</CLSNAME>
     <CMPNAME>MR_RA_GROUP_EN</CMPNAME>
     <LANGU>R</LANGU>
     <DESCRIPT>Range for BU_GROUP</DESCRIPT>
    </SEOCOMPOTX>
    <SEOCOMPOTX>
     <CLSNAME>ZANS_CL_0047_BP</CLSNAME>
     <CMPNAME>MR_RA_GROUP_RU</CMPNAME>
     <LANGU>R</LANGU>
     <DESCRIPT>Range for BU_GROUP</DESCRIPT>
    </SEOCOMPOTX>
    <SEOCOMPOTX>
     <CLSNAME>ZANS_CL_0047_BP</CLSNAME>
     <CMPNAME>MS_BP</CMPNAME>
     <LANGU>R</LANGU>
     <DESCRIPT>Атрибуты контрагента с датами действия</DESCRIPT>
    </SEOCOMPOTX>
    <SEOCOMPOTX>
     <CLSNAME>ZANS_CL_0047_BP</CLSNAME>
     <CMPNAME>MT_BP</CMPNAME>
     <LANGU>R</LANGU>
     <DESCRIPT>Атрибуты контрагента с датами действия</DESCRIPT>
    </SEOCOMPOTX>
    <SEOCOMPOTX>
     <CLSNAME>ZANS_CL_0047_BP</CLSNAME>
     <CMPNAME>MT_BP_MAP</CMPNAME>
     <LANGU>R</LANGU>
     <DESCRIPT>Атрибуты контрагента с датами действия</DESCRIPT>
    </SEOCOMPOTX>
    <SEOCOMPOTX>
     <CLSNAME>ZANS_CL_0047_BP</CLSNAME>
     <CMPNAME>MT_BP_SCR</CMPNAME>
     <LANGU>R</LANGU>
     <DESCRIPT>Атрибуты бизнес партнеров (данные для экрана)</DESCRIPT>
    </SEOCOMPOTX>
    <SEOCOMPOTX>
     <CLSNAME>ZANS_CL_0047_BP</CLSNAME>
     <CMPNAME>MT_LONGTEXT</CMPNAME>
     <LANGU>R</LANGU>
     <DESCRIPT>Длинные тексты</DESCRIPT>
    </SEOCOMPOTX>
    <SEOCOMPOTX>
     <CLSNAME>ZANS_CL_0047_BP</CLSNAME>
     <CMPNAME>MV_PARTNER</CMPNAME>
     <LANGU>R</LANGU>
     <DESCRIPT>Номер делового партнера</DESCRIPT>
    </SEOCOMPOTX>
   </DESCRIPTIONS>
  </asx:values>
 </asx:abap>
</abapGit>
