﻿<?xml version="1.0" encoding="utf-8"?>
<abapGit version="v1.0.0" serializer="LCL_OBJECT_TABL" serializer_version="v1.0.0">
 <asx:abap xmlns:asx="http://www.sap.com/abapxml" version="1.0">
  <asx:values>
   <DD02V>
    <TABNAME>ZANS_0047_BP_NAME_ALV</TABNAME>
    <DDLANGUAGE>R</DDLANGUAGE>
    <TABCLASS>INTTAB</TABCLASS>
    <DDTEXT>Структура ALV для ZANS_0047_BP_NAME</DDTEXT>
    <EXCLASS>1</EXCLASS>
   </DD02V>
   <DD03P_TABLE>
    <DD03P>
     <TABNAME>ZANS_0047_BP_NAME_ALV</TABNAME>
     <FIELDNAME>PARTNER</FIELDNAME>
     <POSITION>0001</POSITION>
     <ROLLNAME>BU_PARTNER</ROLLNAME>
     <ADMINFIELD>0</ADMINFIELD>
     <SHLPORIGIN>D</SHLPORIGIN>
     <COMPTYPE>E</COMPTYPE>
    </DD03P>
    <DD03P>
     <TABNAME>ZANS_0047_BP_NAME_ALV</TABNAME>
     <FIELDNAME>SNAME_RU_OBD</FIELDNAME>
     <POSITION>0002</POSITION>
     <ROLLNAME>ZANS_0047_FLDCNT_SHORT</ROLLNAME>
     <ADMINFIELD>0</ADMINFIELD>
     <COMPTYPE>E</COMPTYPE>
    </DD03P>
    <DD03P>
     <TABNAME>ZANS_0047_BP_NAME_ALV</TABNAME>
     <FIELDNAME>SNAME_EN_OBD</FIELDNAME>
     <POSITION>0003</POSITION>
     <ROLLNAME>ZANS_0047_FLDCNT_SHORT</ROLLNAME>
     <ADMINFIELD>0</ADMINFIELD>
     <COMPTYPE>E</COMPTYPE>
    </DD03P>
    <DD03P>
     <TABNAME>ZANS_0047_BP_NAME_ALV</TABNAME>
     <FIELDNAME>SNAME_RU</FIELDNAME>
     <POSITION>0004</POSITION>
     <ROLLNAME>ZANS_0047_FLDCNT_SHORT</ROLLNAME>
     <ADMINFIELD>0</ADMINFIELD>
     <COMPTYPE>E</COMPTYPE>
    </DD03P>
    <DD03P>
     <TABNAME>ZANS_0047_BP_NAME_ALV</TABNAME>
     <FIELDNAME>OPF_RU</FIELDNAME>
     <POSITION>0005</POSITION>
     <ROLLNAME>ZANS_0047_FLDCNT_SHORT</ROLLNAME>
     <ADMINFIELD>0</ADMINFIELD>
     <COMPTYPE>E</COMPTYPE>
    </DD03P>
    <DD03P>
     <TABNAME>ZANS_0047_BP_NAME_ALV</TABNAME>
     <FIELDNAME>SNAME_EN</FIELDNAME>
     <POSITION>0006</POSITION>
     <ROLLNAME>ZANS_0047_FLDCNT_SHORT</ROLLNAME>
     <ADMINFIELD>0</ADMINFIELD>
     <COMPTYPE>E</COMPTYPE>
    </DD03P>
    <DD03P>
     <TABNAME>ZANS_0047_BP_NAME_ALV</TABNAME>
     <FIELDNAME>OPF_EN</FIELDNAME>
     <POSITION>0007</POSITION>
     <ROLLNAME>ZANS_0047_FLDCNT_SHORT</ROLLNAME>
     <ADMINFIELD>0</ADMINFIELD>
     <COMPTYPE>E</COMPTYPE>
    </DD03P>
    <DD03P>
     <TABNAME>ZANS_0047_BP_NAME_ALV</TABNAME>
     <FIELDNAME>T_STYLE</FIELDNAME>
     <POSITION>0008</POSITION>
     <ROLLNAME>LVC_T_STYL</ROLLNAME>
     <ADMINFIELD>0</ADMINFIELD>
     <DATATYPE>TTYP</DATATYPE>
     <MASK>  TTYPL</MASK>
     <COMPTYPE>L</COMPTYPE>
    </DD03P>
   </DD03P_TABLE>
  </asx:values>
 </asx:abap>
</abapGit>
