﻿<?xml version="1.0" encoding="utf-8"?>
<abapGit version="v1.0.0" serializer="LCL_OBJECT_DTEL" serializer_version="v1.0.0">
 <asx:abap xmlns:asx="http://www.sap.com/abapxml" version="1.0">
  <asx:values>
   <DD04V>
    <ROLLNAME>ZANS_0047_NAME</ROLLNAME>
    <DDLANGUAGE>R</DDLANGUAGE>
    <DOMNAME>ZANS_0047_FIELDCONTENT_D</DOMNAME>
    <HEADLEN>15</HEADLEN>
    <SCRLEN1>08</SCRLEN1>
    <SCRLEN2>15</SCRLEN2>
    <SCRLEN3>15</SCRLEN3>
    <DDTEXT>Наименование БП</DDTEXT>
    <REPTEXT>Наименование БП</REPTEXT>
    <SCRTEXT_S>Наим. БП</SCRTEXT_S>
    <SCRTEXT_M>Наименование БП</SCRTEXT_M>
    <SCRTEXT_L>Наименование БП</SCRTEXT_L>
    <DTELMASTER>R</DTELMASTER>
    <REFKIND>D</REFKIND>
   </DD04V>
  </asx:values>
 </asx:abap>
</abapGit>
