﻿<?xml version="1.0" encoding="utf-8"?>
<abapGit version="v1.0.0" serializer="LCL_OBJECT_TABL" serializer_version="v1.0.0">
 <asx:abap xmlns:asx="http://www.sap.com/abapxml" version="1.0">
  <asx:values>
   <DD02V>
    <TABNAME>ZANS_0047_BPMAP</TABNAME>
    <DDLANGUAGE>R</DDLANGUAGE>
    <TABCLASS>TRANSP</TABCLASS>
    <CLIDEP>X</CLIDEP>
    <DDTEXT>Идентификаторы атрибутов</DDTEXT>
    <MAINFLAG>X</MAINFLAG>
    <CONTFLAG>C</CONTFLAG>
    <EXCLASS>1</EXCLASS>
   </DD02V>
   <DD09L>
    <TABNAME>ZANS_0047_BPMAP</TABNAME>
    <AS4LOCAL>A</AS4LOCAL>
    <TABKAT>1</TABKAT>
    <TABART>APPL0</TABART>
    <BUFALLOW>N</BUFALLOW>
   </DD09L>
   <DD03P_TABLE>
    <DD03P>
     <TABNAME>ZANS_0047_BPMAP</TABNAME>
     <FIELDNAME>CLIENT</FIELDNAME>
     <POSITION>0001</POSITION>
     <KEYFLAG>X</KEYFLAG>
     <ROLLNAME>MANDT</ROLLNAME>
     <CHECKTABLE>T000</CHECKTABLE>
     <ADMINFIELD>0</ADMINFIELD>
     <NOTNULL>X</NOTNULL>
     <SHLPORIGIN>P</SHLPORIGIN>
     <COMPTYPE>E</COMPTYPE>
    </DD03P>
    <DD03P>
     <TABNAME>ZANS_0047_BPMAP</TABNAME>
     <FIELDNAME>FIELD_ID</FIELDNAME>
     <POSITION>0002</POSITION>
     <KEYFLAG>X</KEYFLAG>
     <ROLLNAME>ZANS_0047_FIELDID</ROLLNAME>
     <ADMINFIELD>0</ADMINFIELD>
     <NOTNULL>X</NOTNULL>
     <SHLPORIGIN>X</SHLPORIGIN>
     <COMPTYPE>E</COMPTYPE>
    </DD03P>
    <DD03P>
     <TABNAME>ZANS_0047_BPMAP</TABNAME>
     <FIELDNAME>FIELDNAME</FIELDNAME>
     <POSITION>0003</POSITION>
     <ROLLNAME>ZANS_0047_FIELDNAME</ROLLNAME>
     <ADMINFIELD>0</ADMINFIELD>
     <SHLPORIGIN>X</SHLPORIGIN>
     <COMPTYPE>E</COMPTYPE>
    </DD03P>
    <DD03P>
     <TABNAME>ZANS_0047_BPMAP</TABNAME>
     <FIELDNAME>REFLEVEL</FIELDNAME>
     <POSITION>0004</POSITION>
     <ROLLNAME>ZANS_0047_REFLEVEL</ROLLNAME>
     <ADMINFIELD>0</ADMINFIELD>
     <VALEXI>X</VALEXI>
     <SHLPORIGIN>F</SHLPORIGIN>
     <COMPTYPE>E</COMPTYPE>
    </DD03P>
    <DD03P>
     <TABNAME>ZANS_0047_BPMAP</TABNAME>
     <FIELDNAME>DEPEND_TIME</FIELDNAME>
     <POSITION>0005</POSITION>
     <ROLLNAME>ZANS_0047_DEPEND_TIME</ROLLNAME>
     <ADMINFIELD>0</ADMINFIELD>
     <VALEXI>X</VALEXI>
     <SHLPORIGIN>F</SHLPORIGIN>
     <COMPTYPE>E</COMPTYPE>
    </DD03P>
    <DD03P>
     <TABNAME>ZANS_0047_BPMAP</TABNAME>
     <FIELDNAME>IS_READ_ONLY</FIELDNAME>
     <POSITION>0006</POSITION>
     <ROLLNAME>ZANS_0047_RO</ROLLNAME>
     <ADMINFIELD>0</ADMINFIELD>
     <VALEXI>X</VALEXI>
     <SHLPORIGIN>F</SHLPORIGIN>
     <COMPTYPE>E</COMPTYPE>
    </DD03P>
    <DD03P>
     <TABNAME>ZANS_0047_BPMAP</TABNAME>
     <FIELDNAME>IS_LONG_TEXT</FIELDNAME>
     <POSITION>0007</POSITION>
     <ROLLNAME>ZANS_0047_LT</ROLLNAME>
     <ADMINFIELD>0</ADMINFIELD>
     <VALEXI>X</VALEXI>
     <SHLPORIGIN>F</SHLPORIGIN>
     <COMPTYPE>E</COMPTYPE>
    </DD03P>
    <DD03P>
     <TABNAME>ZANS_0047_BPMAP</TABNAME>
     <FIELDNAME>TABNAME</FIELDNAME>
     <POSITION>0008</POSITION>
     <ROLLNAME>ZANS_0047_TABNAME</ROLLNAME>
     <CHECKTABLE>DD02L</CHECKTABLE>
     <ADMINFIELD>0</ADMINFIELD>
     <SHLPORIGIN>X</SHLPORIGIN>
     <COMPTYPE>E</COMPTYPE>
    </DD03P>
    <DD03P>
     <TABNAME>ZANS_0047_BPMAP</TABNAME>
     <FIELDNAME>FLNAME</FIELDNAME>
     <POSITION>0009</POSITION>
     <ROLLNAME>ZANS_0047_FDNAME</ROLLNAME>
     <ADMINFIELD>0</ADMINFIELD>
     <COMPTYPE>E</COMPTYPE>
    </DD03P>
   </DD03P_TABLE>
   <DD05M_TABLE>
    <DD05M>
     <TABNAME>ZANS_0047_BPMAP</TABNAME>
     <FIELDNAME>CLIENT</FIELDNAME>
     <FORTABLE>ZANS_0047_BPMAP</FORTABLE>
     <FORKEY>CLIENT</FORKEY>
     <CHECKTABLE>T000</CHECKTABLE>
     <CHECKFIELD>MANDT</CHECKFIELD>
     <PRIMPOS>0001</PRIMPOS>
     <DOMNAME>MANDT</DOMNAME>
     <DATATYPE>CLNT</DATATYPE>
     <LENG>000003</LENG>
    </DD05M>
    <DD05M>
     <TABNAME>ZANS_0047_BPMAP</TABNAME>
     <FIELDNAME>TABNAME</FIELDNAME>
     <FORTABLE>ZANS_0047_BPMAP</FORTABLE>
     <FORKEY>TABNAME</FORKEY>
     <CHECKTABLE>DD02L</CHECKTABLE>
     <CHECKFIELD>TABNAME</CHECKFIELD>
     <PRIMPOS>0001</PRIMPOS>
     <DOMNAME>AS4TAB</DOMNAME>
     <DATATYPE>CHAR</DATATYPE>
     <LENG>000030</LENG>
    </DD05M>
    <DD05M>
     <TABNAME>ZANS_0047_BPMAP</TABNAME>
     <FIELDNAME>TABNAME</FIELDNAME>
     <FORTABLE>*</FORTABLE>
     <CHECKTABLE>DD02L</CHECKTABLE>
     <CHECKFIELD>AS4LOCAL</CHECKFIELD>
     <PRIMPOS>0002</PRIMPOS>
     <DOMNAME>AS4LOCAL</DOMNAME>
     <DATATYPE>CHAR</DATATYPE>
     <LENG>000001</LENG>
    </DD05M>
    <DD05M>
     <TABNAME>ZANS_0047_BPMAP</TABNAME>
     <FIELDNAME>TABNAME</FIELDNAME>
     <FORTABLE>*</FORTABLE>
     <CHECKTABLE>DD02L</CHECKTABLE>
     <CHECKFIELD>AS4VERS</CHECKFIELD>
     <PRIMPOS>0003</PRIMPOS>
     <DOMNAME>AS4VERS</DOMNAME>
     <DATATYPE>NUMC</DATATYPE>
     <LENG>000004</LENG>
    </DD05M>
   </DD05M_TABLE>
   <DD08V_TABLE>
    <DD08V>
     <TABNAME>ZANS_0047_BPMAP</TABNAME>
     <FIELDNAME>CLIENT</FIELDNAME>
     <DDLANGUAGE>R</DDLANGUAGE>
     <CHECKTABLE>T000</CHECKTABLE>
    </DD08V>
    <DD08V>
     <TABNAME>ZANS_0047_BPMAP</TABNAME>
     <FIELDNAME>TABNAME</FIELDNAME>
     <DDLANGUAGE>R</DDLANGUAGE>
     <CHECKTABLE>DD02L</CHECKTABLE>
     <CLASFIELD>*</CLASFIELD>
    </DD08V>
   </DD08V_TABLE>
   <DD35V_TALE>
    <DD35V>
     <TABNAME>ZANS_0047_BPMAP</TABNAME>
     <FIELDNAME>FIELDNAME</FIELDNAME>
     <SHLPNAME>ZANS_0047_FIELDID_F4</SHLPNAME>
    </DD35V>
    <DD35V>
     <TABNAME>ZANS_0047_BPMAP</TABNAME>
     <FIELDNAME>FIELD_ID</FIELDNAME>
     <SHLPNAME>ZANS_0047_FIELDID_F4</SHLPNAME>
    </DD35V>
    <DD35V>
     <TABNAME>ZANS_0047_BPMAP</TABNAME>
     <FIELDNAME>TABNAME</FIELDNAME>
     <SHLPNAME>SGENCLP_SRC_TAB</SHLPNAME>
    </DD35V>
   </DD35V_TALE>
   <DD36M>
    <DD36M>
     <TABNAME>ZANS_0047_BPMAP</TABNAME>
     <FIELDNAME>FIELDNAME</FIELDNAME>
     <SHLPNAME>ZANS_0047_FIELDID_F4</SHLPNAME>
     <SHLPFIELD>FIELDNAME</SHLPFIELD>
     <FLPOSITION>0002</FLPOSITION>
     <SHTABLE>ZANS_0047_BPMAP</SHTABLE>
     <SHFIELD>FIELDNAME</SHFIELD>
     <SHLPINPUT>X</SHLPINPUT>
     <ROLLNAME>ZANS_0047_FIELDNAME</ROLLNAME>
     <DOMNAME>TEXT255</DOMNAME>
     <DATATYPE>CHAR</DATATYPE>
     <LENG>000255</LENG>
    </DD36M>
    <DD36M>
     <TABNAME>ZANS_0047_BPMAP</TABNAME>
     <FIELDNAME>FIELDNAME</FIELDNAME>
     <SHLPNAME>ZANS_0047_FIELDID_F4</SHLPNAME>
     <SHLPFIELD>FIELD_ID</SHLPFIELD>
     <FLPOSITION>0001</FLPOSITION>
     <SHTABLE>ZANS_0047_BPMAP</SHTABLE>
     <SHFIELD>FIELD_ID</SHFIELD>
     <SHLPINPUT>X</SHLPINPUT>
     <SHLPOUTPUT>X</SHLPOUTPUT>
     <ROLLNAME>ZANS_0047_FIELDID</ROLLNAME>
     <DOMNAME>ATNAM</DOMNAME>
     <DATATYPE>CHAR</DATATYPE>
     <LENG>000030</LENG>
    </DD36M>
    <DD36M>
     <TABNAME>ZANS_0047_BPMAP</TABNAME>
     <FIELDNAME>FIELD_ID</FIELDNAME>
     <SHLPNAME>ZANS_0047_FIELDID_F4</SHLPNAME>
     <SHLPFIELD>FIELDNAME</SHLPFIELD>
     <FLPOSITION>0002</FLPOSITION>
     <SHTABLE>ZANS_0047_BPMAP</SHTABLE>
     <SHFIELD>FIELDNAME</SHFIELD>
     <SHLPINPUT>X</SHLPINPUT>
     <ROLLNAME>ZANS_0047_FIELDNAME</ROLLNAME>
     <DOMNAME>TEXT255</DOMNAME>
     <DATATYPE>CHAR</DATATYPE>
     <LENG>000255</LENG>
    </DD36M>
    <DD36M>
     <TABNAME>ZANS_0047_BPMAP</TABNAME>
     <FIELDNAME>FIELD_ID</FIELDNAME>
     <SHLPNAME>ZANS_0047_FIELDID_F4</SHLPNAME>
     <SHLPFIELD>FIELD_ID</SHLPFIELD>
     <FLPOSITION>0001</FLPOSITION>
     <SHTABLE>ZANS_0047_BPMAP</SHTABLE>
     <SHFIELD>FIELD_ID</SHFIELD>
     <SHLPINPUT>X</SHLPINPUT>
     <SHLPOUTPUT>X</SHLPOUTPUT>
     <ROLLNAME>ZANS_0047_FIELDID</ROLLNAME>
     <DOMNAME>ATNAM</DOMNAME>
     <DATATYPE>CHAR</DATATYPE>
     <LENG>000030</LENG>
    </DD36M>
    <DD36M>
     <TABNAME>ZANS_0047_BPMAP</TABNAME>
     <FIELDNAME>TABNAME</FIELDNAME>
     <SHLPNAME>SGENCLP_SRC_TAB</SHLPNAME>
     <SHLPFIELD>TABNAME</SHLPFIELD>
     <FLPOSITION>0001</FLPOSITION>
     <SHTABLE>ZANS_0047_BPMAP</SHTABLE>
     <SHFIELD>TABNAME</SHFIELD>
     <SHLPINPUT>X</SHLPINPUT>
     <SHLPOUTPUT>X</SHLPOUTPUT>
     <ROLLNAME>TABNAME</ROLLNAME>
     <DOMNAME>AS4TAB</DOMNAME>
     <DATATYPE>CHAR</DATATYPE>
     <LENG>000030</LENG>
    </DD36M>
   </DD36M>
  </asx:values>
 </asx:abap>
</abapGit>
