﻿<?xml version="1.0" encoding="utf-8"?>
<abapGit version="v1.0.0" serializer="LCL_OBJECT_DTEL" serializer_version="v1.0.0">
 <asx:abap xmlns:asx="http://www.sap.com/abapxml" version="1.0">
  <asx:values>
   <DD04V>
    <ROLLNAME>ZANS_0047_TIMESTAMPL</ROLLNAME>
    <DDLANGUAGE>R</DDLANGUAGE>
    <DOMNAME>TZNTSTMPL</DOMNAME>
    <LOGFLAG>X</LOGFLAG>
    <HEADLEN>19</HEADLEN>
    <SCRLEN1>10</SCRLEN1>
    <SCRLEN2>15</SCRLEN2>
    <SCRLEN3>20</SCRLEN3>
    <DDTEXT>Метка времени UTC в длинной форме (YYYYMMDDhhmmssmmmuuun)</DDTEXT>
    <REPTEXT>Метка времени</REPTEXT>
    <SCRTEXT_S>Метка вр.</SCRTEXT_S>
    <SCRTEXT_M>Метка времени</SCRTEXT_M>
    <SCRTEXT_L>Метка времени</SCRTEXT_L>
    <DTELMASTER>R</DTELMASTER>
    <DEFFDNAME>TIMESTAMP</DEFFDNAME>
    <REFKIND>D</REFKIND>
   </DD04V>
   <I18N_LANGS>
    <LANGU>D</LANGU>
    <LANGU>E</LANGU>
   </I18N_LANGS>
   <DD04_TEXTS>
    <item>
     <DDLANGUAGE>D</DDLANGUAGE>
     <DDTEXT>UTC-Zeitstempel in Langform (JJJJMMTThhmmssmmmuuun)</DDTEXT>
     <REPTEXT>Zeitstempel</REPTEXT>
     <SCRTEXT_S>Zeitstemp.</SCRTEXT_S>
     <SCRTEXT_M>Zeitstempel</SCRTEXT_M>
     <SCRTEXT_L>Zeitstempel</SCRTEXT_L>
    </item>
    <item>
     <DDLANGUAGE>E</DDLANGUAGE>
     <DDTEXT>UTC Time Stamp in Long Form (YYYYMMDDhhmmssmmmuuun)</DDTEXT>
     <REPTEXT>Time Stamp</REPTEXT>
     <SCRTEXT_S>Time Stamp</SCRTEXT_S>
     <SCRTEXT_M>Time Stamp</SCRTEXT_M>
     <SCRTEXT_L>Time Stamp</SCRTEXT_L>
    </item>
   </DD04_TEXTS>
  </asx:values>
 </asx:abap>
</abapGit>
