﻿<?xml version="1.0" encoding="utf-8"?>
<abapGit version="v1.0.0">
 <asx:abap xmlns:asx="http://www.sap.com/abapxml" version="1.0">
  <asx:values>
   <PROGDIR>
    <NAME>LZANS_0047_BPCUST_9001I01</NAME>
    <SUBC>I</SUBC>
    <APPL>S</APPL>
    <RLOAD>R</RLOAD>
    <UCCHECK>X</UCCHECK>
   </PROGDIR>
   <TPOOL>
    <item>
     <ID>R</ID>
     <ENTRY>INCLUDE для модулей ввода TABLECONTROL (сген.)</ENTRY>
     <LENGTH>46</LENGTH>
    </item>
   </TPOOL>
  </asx:values>
 </asx:abap>
</abapGit>
