﻿<?xml version="1.0" encoding="utf-8"?>
<abapGit version="v1.0.0">
 <asx:abap xmlns:asx="http://www.sap.com/abapxml" version="1.0">
  <asx:values>
   <PROGDIR>
    <NAME>SAPLZANS_0047_BPCUST_9002</NAME>
    <DBAPL>S</DBAPL>
    <DBNA>D$</DBNA>
    <SUBC>F</SUBC>
    <APPL>S</APPL>
    <RLOAD>R</RLOAD>
    <FIXPT>X</FIXPT>
    <LDBNAME>D$S</LDBNAME>
    <UCCHECK>X</UCCHECK>
   </PROGDIR>
   <TPOOL>
    <item>
     <ID>I</ID>
     <KEY>001</KEY>
     <ENTRY>Выберите значение</ENTRY>
     <LENGTH>27</LENGTH>
    </item>
    <item>
     <ID>I</ID>
     <KEY>002</KEY>
     <ENTRY>Внимание!</ENTRY>
     <LENGTH>19</LENGTH>
    </item>
    <item>
     <ID>I</ID>
     <KEY>003</KEY>
     <ENTRY>Изменить существующий &quot;Атрибут&quot; нельзя.</ENTRY>
     <LENGTH>78</LENGTH>
    </item>
    <item>
     <ID>I</ID>
     <KEY>004</KEY>
     <ENTRY>Чтобы изменить &quot;Значение атрибута&quot;</ENTRY>
     <LENGTH>68</LENGTH>
    </item>
    <item>
     <ID>I</ID>
     <KEY>005</KEY>
     <ENTRY>нужно изменить &quot;Начало срока действия&quot;.</ENTRY>
     <LENGTH>78</LENGTH>
    </item>
    <item>
     <ID>I</ID>
     <KEY>006</KEY>
     <ENTRY>Поля &quot;Атрибут&quot; и &quot;Начало срока действия&quot; обязательны для ввода.</ENTRY>
     <LENGTH>100</LENGTH>
    </item>
    <item>
     <ID>I</ID>
     <KEY>007</KEY>
     <ENTRY>Иначе такая строка не будет сохранена.</ENTRY>
     <LENGTH>76</LENGTH>
    </item>
    <item>
     <ID>I</ID>
     <KEY>008</KEY>
     <ENTRY>Изменить атрибуты отнсящиеся к Формам сбора данных</ENTRY>
     <LENGTH>100</LENGTH>
    </item>
    <item>
     <ID>I</ID>
     <KEY>009</KEY>
     <ENTRY>или ОБД НСИ нельзя</ENTRY>
     <LENGTH>29</LENGTH>
    </item>
    <item>
     <ID>I</ID>
     <KEY>010</KEY>
     <ENTRY>Вы пытаетесь ввести дату более раннюю чем существующая.</ENTRY>
     <LENGTH>110</LENGTH>
    </item>
    <item>
     <ID>I</ID>
     <KEY>011</KEY>
     <ENTRY>Выберете другую</ENTRY>
     <LENGTH>25</LENGTH>
    </item>
    <item>
     <ID>I</ID>
     <KEY>012</KEY>
     <ENTRY>Сначала введите значение атрибута «Дата начала консолидации»</ENTRY>
     <LENGTH>120</LENGTH>
    </item>
    <item>
     <ID>I</ID>
     <KEY>013</KEY>
     <ENTRY>Сначала введите значение атрибута «Начало консолидации»</ENTRY>
     <LENGTH>110</LENGTH>
    </item>
    <item>
     <ID>I</ID>
     <KEY>014</KEY>
     <ENTRY>Неверное значение атрибута</ENTRY>
     <LENGTH>52</LENGTH>
    </item>
    <item>
     <ID>I</ID>
     <KEY>015</KEY>
     <ENTRY>Оно должно быть меньше или равно значению атрибута</ENTRY>
     <LENGTH>100</LENGTH>
    </item>
    <item>
     <ID>I</ID>
     <KEY>016</KEY>
     <ENTRY>«Дата начала консолидации»</ENTRY>
     <LENGTH>52</LENGTH>
    </item>
    <item>
     <ID>I</ID>
     <KEY>017</KEY>
     <ENTRY>«Дата окончания консолидации»</ENTRY>
     <LENGTH>58</LENGTH>
    </item>
    <item>
     <ID>I</ID>
     <KEY>018</KEY>
     <ENTRY>Оно должно быть больше или равно значению атрибута</ENTRY>
     <LENGTH>100</LENGTH>
    </item>
    <item>
     <ID>I</ID>
     <KEY>019</KEY>
     <ENTRY>Вы пытаетесь удалить атрибут с признаком &quot;Только чтение&quot;</ENTRY>
     <LENGTH>112</LENGTH>
    </item>
    <item>
     <ID>I</ID>
     <KEY>020</KEY>
     <ENTRY>Операция отменена</ENTRY>
     <LENGTH>27</LENGTH>
    </item>
    <item>
     <ID>I</ID>
     <KEY>021</KEY>
     <ENTRY>Введите существующее значение &quot;Атрибут&quot;</ENTRY>
     <LENGTH>78</LENGTH>
    </item>
    <item>
     <ID>I</ID>
     <KEY>022</KEY>
     <ENTRY>Укажите новое значение атрибута.</ENTRY>
     <LENGTH>64</LENGTH>
    </item>
    <item>
     <ID>I</ID>
     <KEY>023</KEY>
     <ENTRY>Если начало срока действия или текущее значение атрибута указаны некорректно,</ENTRY>
     <LENGTH>132</LENGTH>
    </item>
    <item>
     <ID>I</ID>
     <KEY>024</KEY>
     <ENTRY>удалите строку и добавьте новую с корректными данными.</ENTRY>
     <LENGTH>108</LENGTH>
    </item>
    <item>
     <ID>I</ID>
     <KEY>025</KEY>
     <ENTRY>Укажите новое значение атрибута для</ENTRY>
     <LENGTH>70</LENGTH>
    </item>
    <item>
     <ID>I</ID>
     <KEY>026</KEY>
     <ENTRY>Нажмите ENTER и заполните &quot;Начало срока действия&quot;</ENTRY>
     <LENGTH>132</LENGTH>
    </item>
    <item>
     <ID>I</ID>
     <KEY>027</KEY>
     <ENTRY>Вы меняете дату начала действия значения атрибута.</ENTRY>
     <LENGTH>100</LENGTH>
    </item>
    <item>
     <ID>I</ID>
     <KEY>028</KEY>
     <ENTRY>Не забудьте указать новове значение атрибута</ENTRY>
     <LENGTH>88</LENGTH>
    </item>
    <item>
     <ID>I</ID>
     <KEY>029</KEY>
     <ENTRY>Дата начала действия нового значения атрибута</ENTRY>
     <LENGTH>90</LENGTH>
    </item>
    <item>
     <ID>I</ID>
     <KEY>030</KEY>
     <ENTRY>должна быть позднее даты начала действия текущего значения.</ENTRY>
     <LENGTH>118</LENGTH>
    </item>
    <item>
     <ID>I</ID>
     <KEY>031</KEY>
     <ENTRY>Укажите новую дату начала срока действия значения атрибута</ENTRY>
     <LENGTH>118</LENGTH>
    </item>
    <item>
     <ID>I</ID>
     <KEY>032</KEY>
     <ENTRY>Она должна быть позднее даты начала действия текущего значения.</ENTRY>
     <LENGTH>126</LENGTH>
    </item>
    <item>
     <ID>I</ID>
     <KEY>033</KEY>
     <ENTRY>Укажите новую дату начала срока действия значения атрибута для</ENTRY>
     <LENGTH>124</LENGTH>
    </item>
    <item>
     <ID>I</ID>
     <KEY>034</KEY>
     <ENTRY>Вы пытаетесь изменить атрибут с признаком &quot;Только чтение&quot;</ENTRY>
     <LENGTH>114</LENGTH>
    </item>
   </TPOOL>
  </asx:values>
 </asx:abap>
</abapGit>
