﻿<?xml version="1.0" encoding="utf-8"?>
<abapGit version="v1.0.0" serializer="LCL_OBJECT_CLAS" serializer_version="v1.0.0">
 <asx:abap xmlns:asx="http://www.sap.com/abapxml" version="1.0">
  <asx:values>
   <VSEOCLASS>
    <CLSNAME>ZANS_CL_0047_APPROVE_DATA</CLSNAME>
    <LANGU>R</LANGU>
    <DESCRIPT>Данные для сверки атрибутов участника МГК с данными ЕГРЮЛ</DESCRIPT>
    <STATE>1</STATE>
    <CLSCCINCL>X</CLSCCINCL>
    <FIXPT>X</FIXPT>
    <UNICODE>X</UNICODE>
   </VSEOCLASS>
   <DESCRIPTIONS>
    <SEOCOMPOTX>
     <CLSNAME>ZANS_CL_0047_APPROVE_DATA</CLSNAME>
     <CMPNAME>CONSTRUCTOR</CMPNAME>
     <LANGU>R</LANGU>
     <DESCRIPT>CONSTRUCTOR</DESCRIPT>
    </SEOCOMPOTX>
    <SEOCOMPOTX>
     <CLSNAME>ZANS_CL_0047_APPROVE_DATA</CLSNAME>
     <CMPNAME>MO_LOG</CMPNAME>
     <LANGU>R</LANGU>
     <DESCRIPT>Облегчённый лог</DESCRIPT>
    </SEOCOMPOTX>
    <SEOCOMPOTX>
     <CLSNAME>ZANS_CL_0047_APPROVE_DATA</CLSNAME>
     <CMPNAME>MR_PARTNER</CMPNAME>
     <LANGU>R</LANGU>
     <DESCRIPT>Range for BU_PARTNER</DESCRIPT>
    </SEOCOMPOTX>
    <SEOCOMPOTX>
     <CLSNAME>ZANS_CL_0047_APPROVE_DATA</CLSNAME>
     <CMPNAME>MT_ALV_POSITIONS</CMPNAME>
     <LANGU>R</LANGU>
     <DESCRIPT>ТТ ZANS_0047_APPROVE_ALV</DESCRIPT>
    </SEOCOMPOTX>
    <SEOCOMPOTX>
     <CLSNAME>ZANS_CL_0047_APPROVE_DATA</CLSNAME>
     <CMPNAME>MV_FIN_YEAR</CMPNAME>
     <LANGU>R</LANGU>
     <DESCRIPT>Отчетный период</DESCRIPT>
    </SEOCOMPOTX>
   </DESCRIPTIONS>
  </asx:values>
 </asx:abap>
</abapGit>
