﻿<?xml version="1.0" encoding="utf-8"?>
<abapGit version="v1.0.0" serializer="LCL_OBJECT_TABL" serializer_version="v1.0.0">
 <asx:abap xmlns:asx="http://www.sap.com/abapxml" version="1.0">
  <asx:values>
   <DD02V>
    <TABNAME>ZANS_0047_BP_SCR_S</TABNAME>
    <DDLANGUAGE>R</DDLANGUAGE>
    <TABCLASS>INTTAB</TABCLASS>
    <DDTEXT>Атрибуты бизнес партнеров (данные для экрана)</DDTEXT>
    <EXCLASS>1</EXCLASS>
   </DD02V>
   <DD03P_TABLE>
    <DD03P>
     <TABNAME>ZANS_0047_BP_SCR_S</TABNAME>
     <FIELDNAME>CLIENT</FIELDNAME>
     <POSITION>0001</POSITION>
     <ROLLNAME>MANDT</ROLLNAME>
     <ADMINFIELD>0</ADMINFIELD>
     <COMPTYPE>E</COMPTYPE>
    </DD03P>
    <DD03P>
     <TABNAME>ZANS_0047_BP_SCR_S</TABNAME>
     <FIELDNAME>PARTNER</FIELDNAME>
     <POSITION>0002</POSITION>
     <ROLLNAME>BU_PARTNER</ROLLNAME>
     <ADMINFIELD>0</ADMINFIELD>
     <SHLPORIGIN>D</SHLPORIGIN>
     <COMPTYPE>E</COMPTYPE>
    </DD03P>
    <DD03P>
     <TABNAME>ZANS_0047_BP_SCR_S</TABNAME>
     <FIELDNAME>FIELD_ID</FIELDNAME>
     <POSITION>0003</POSITION>
     <ROLLNAME>ZANS_0047_FIELDID</ROLLNAME>
     <CHECKTABLE>ZANS_0047_BPMAP</CHECKTABLE>
     <ADMINFIELD>0</ADMINFIELD>
     <SHLPORIGIN>P</SHLPORIGIN>
     <COMPTYPE>E</COMPTYPE>
    </DD03P>
    <DD03P>
     <TABNAME>ZANS_0047_BP_SCR_S</TABNAME>
     <FIELDNAME>FIELDNAME</FIELDNAME>
     <POSITION>0004</POSITION>
     <ROLLNAME>ZANS_0047_FIELDNAME</ROLLNAME>
     <ADMINFIELD>0</ADMINFIELD>
     <COMPTYPE>E</COMPTYPE>
    </DD03P>
    <DD03P>
     <TABNAME>ZANS_0047_BP_SCR_S</TABNAME>
     <FIELDNAME>BEGDA</FIELDNAME>
     <POSITION>0005</POSITION>
     <ROLLNAME>BEGDA</ROLLNAME>
     <ADMINFIELD>0</ADMINFIELD>
     <SHLPORIGIN>T</SHLPORIGIN>
     <COMPTYPE>E</COMPTYPE>
    </DD03P>
    <DD03P>
     <TABNAME>ZANS_0047_BP_SCR_S</TABNAME>
     <FIELDNAME>ENDDA</FIELDNAME>
     <POSITION>0006</POSITION>
     <ROLLNAME>ENDDA</ROLLNAME>
     <ADMINFIELD>0</ADMINFIELD>
     <SHLPORIGIN>T</SHLPORIGIN>
     <COMPTYPE>E</COMPTYPE>
    </DD03P>
    <DD03P>
     <TABNAME>ZANS_0047_BP_SCR_S</TABNAME>
     <FIELDNAME>FIELDCONTENT</FIELDNAME>
     <POSITION>0007</POSITION>
     <ROLLNAME>ZANS_0047_FLDCNT_SHORT</ROLLNAME>
     <ADMINFIELD>0</ADMINFIELD>
     <COMPTYPE>E</COMPTYPE>
    </DD03P>
    <DD03P>
     <TABNAME>ZANS_0047_BP_SCR_S</TABNAME>
     <FIELDNAME>GUID</FIELDNAME>
     <POSITION>0008</POSITION>
     <ROLLNAME>ZANS_0047_GUID_16</ROLLNAME>
     <ADMINFIELD>0</ADMINFIELD>
     <COMPTYPE>E</COMPTYPE>
    </DD03P>
    <DD03P>
     <TABNAME>ZANS_0047_BP_SCR_S</TABNAME>
     <FIELDNAME>XMARK</FIELDNAME>
     <POSITION>0009</POSITION>
     <ROLLNAME>XFELD</ROLLNAME>
     <ADMINFIELD>0</ADMINFIELD>
     <VALEXI>X</VALEXI>
     <SHLPORIGIN>F</SHLPORIGIN>
     <COMPTYPE>E</COMPTYPE>
    </DD03P>
    <DD03P>
     <TABNAME>ZANS_0047_BP_SCR_S</TABNAME>
     <FIELDNAME>CHANGED</FIELDNAME>
     <POSITION>0010</POSITION>
     <ROLLNAME>XFELD</ROLLNAME>
     <ADMINFIELD>0</ADMINFIELD>
     <VALEXI>X</VALEXI>
     <SHLPORIGIN>F</SHLPORIGIN>
     <COMPTYPE>E</COMPTYPE>
    </DD03P>
    <DD03P>
     <TABNAME>ZANS_0047_BP_SCR_S</TABNAME>
     <FIELDNAME>DELETED</FIELDNAME>
     <POSITION>0011</POSITION>
     <ROLLNAME>XFELD</ROLLNAME>
     <ADMINFIELD>0</ADMINFIELD>
     <VALEXI>X</VALEXI>
     <SHLPORIGIN>F</SHLPORIGIN>
     <COMPTYPE>E</COMPTYPE>
    </DD03P>
    <DD03P>
     <TABNAME>ZANS_0047_BP_SCR_S</TABNAME>
     <FIELDNAME>NEW_FIELD</FIELDNAME>
     <POSITION>0012</POSITION>
     <ROLLNAME>XFELD</ROLLNAME>
     <ADMINFIELD>0</ADMINFIELD>
     <VALEXI>X</VALEXI>
     <SHLPORIGIN>F</SHLPORIGIN>
     <COMPTYPE>E</COMPTYPE>
    </DD03P>
   </DD03P_TABLE>
   <DD05M_TABLE>
    <DD05M>
     <TABNAME>ZANS_0047_BP_SCR_S</TABNAME>
     <FIELDNAME>FIELD_ID</FIELDNAME>
     <FORTABLE>ZANS_0047_BP_SCR_S</FORTABLE>
     <FORKEY>CLIENT</FORKEY>
     <CHECKTABLE>ZANS_0047_BPMAP</CHECKTABLE>
     <CHECKFIELD>CLIENT</CHECKFIELD>
     <PRIMPOS>0001</PRIMPOS>
     <DOMNAME>MANDT</DOMNAME>
     <DATATYPE>CLNT</DATATYPE>
     <LENG>000003</LENG>
    </DD05M>
    <DD05M>
     <TABNAME>ZANS_0047_BP_SCR_S</TABNAME>
     <FIELDNAME>FIELD_ID</FIELDNAME>
     <FORTABLE>ZANS_0047_BP_SCR_S</FORTABLE>
     <FORKEY>FIELD_ID</FORKEY>
     <CHECKTABLE>ZANS_0047_BPMAP</CHECKTABLE>
     <CHECKFIELD>FIELD_ID</CHECKFIELD>
     <PRIMPOS>0002</PRIMPOS>
     <DOMNAME>ATNAM</DOMNAME>
     <DATATYPE>CHAR</DATATYPE>
     <LENG>000030</LENG>
    </DD05M>
   </DD05M_TABLE>
   <DD08V_TABLE>
    <DD08V>
     <TABNAME>ZANS_0047_BP_SCR_S</TABNAME>
     <FIELDNAME>FIELD_ID</FIELDNAME>
     <DDLANGUAGE>R</DDLANGUAGE>
     <CHECKTABLE>ZANS_0047_BPMAP</CHECKTABLE>
    </DD08V>
   </DD08V_TABLE>
  </asx:values>
 </asx:abap>
</abapGit>
