﻿<?xml version="1.0" encoding="utf-8"?>
<abapGit version="v1.0.0" serializer="LCL_OBJECT_TABL" serializer_version="v1.0.0">
 <asx:abap xmlns:asx="http://www.sap.com/abapxml" version="1.0">
  <asx:values>
   <DD02V>
    <TABNAME>ZANS_0047_APPROVE_ALV</TABNAME>
    <DDLANGUAGE>R</DDLANGUAGE>
    <TABCLASS>INTTAB</TABCLASS>
    <DDTEXT>Структура для отображения в ALV</DDTEXT>
    <EXCLASS>1</EXCLASS>
   </DD02V>
   <DD03P_TABLE>
    <DD03P>
     <TABNAME>ZANS_0047_APPROVE_ALV</TABNAME>
     <FIELDNAME>PARTNER</FIELDNAME>
     <POSITION>0001</POSITION>
     <ROLLNAME>BU_PARTNER</ROLLNAME>
     <ADMINFIELD>0</ADMINFIELD>
     <SHLPORIGIN>D</SHLPORIGIN>
     <COMPTYPE>E</COMPTYPE>
    </DD03P>
    <DD03P>
     <TABNAME>ZANS_0047_APPROVE_ALV</TABNAME>
     <FIELDNAME>PARTNER_NAME_S</FIELDNAME>
     <POSITION>0002</POSITION>
     <ROLLNAME>ZANS_0047_NAME_S</ROLLNAME>
     <ADMINFIELD>0</ADMINFIELD>
     <COMPTYPE>E</COMPTYPE>
    </DD03P>
    <DD03P>
     <TABNAME>ZANS_0047_APPROVE_ALV</TABNAME>
     <FIELDNAME>PARTNER_NAME</FIELDNAME>
     <POSITION>0003</POSITION>
     <ROLLNAME>ZANS_0047_NAME</ROLLNAME>
     <ADMINFIELD>0</ADMINFIELD>
     <COMPTYPE>E</COMPTYPE>
    </DD03P>
    <DD03P>
     <TABNAME>ZANS_0047_APPROVE_ALV</TABNAME>
     <FIELDNAME>INN</FIELDNAME>
     <POSITION>0004</POSITION>
     <ROLLNAME>BPTAXNUM</ROLLNAME>
     <ADMINFIELD>0</ADMINFIELD>
     <COMPTYPE>E</COMPTYPE>
    </DD03P>
    <DD03P>
     <TABNAME>ZANS_0047_APPROVE_ALV</TABNAME>
     <FIELDNAME>KPP_1</FIELDNAME>
     <POSITION>0005</POSITION>
     <ROLLNAME>BU_ID_NUMBER</ROLLNAME>
     <ADMINFIELD>0</ADMINFIELD>
     <COMPTYPE>E</COMPTYPE>
    </DD03P>
    <DD03P>
     <TABNAME>ZANS_0047_APPROVE_ALV</TABNAME>
     <FIELDNAME>KPP_2</FIELDNAME>
     <POSITION>0006</POSITION>
     <ROLLNAME>BU_ID_NUMBER</ROLLNAME>
     <ADMINFIELD>0</ADMINFIELD>
     <COMPTYPE>E</COMPTYPE>
    </DD03P>
    <DD03P>
     <TABNAME>ZANS_0047_APPROVE_ALV</TABNAME>
     <FIELDNAME>KPP_3</FIELDNAME>
     <POSITION>0007</POSITION>
     <ROLLNAME>BU_ID_NUMBER</ROLLNAME>
     <ADMINFIELD>0</ADMINFIELD>
     <COMPTYPE>E</COMPTYPE>
    </DD03P>
    <DD03P>
     <TABNAME>ZANS_0047_APPROVE_ALV</TABNAME>
     <FIELDNAME>OGRN</FIELDNAME>
     <POSITION>0008</POSITION>
     <ROLLNAME>BU_ID_NUMBER</ROLLNAME>
     <ADMINFIELD>0</ADMINFIELD>
     <COMPTYPE>E</COMPTYPE>
    </DD03P>
    <DD03P>
     <TABNAME>ZANS_0047_APPROVE_ALV</TABNAME>
     <FIELDNAME>RETIR_DATE</FIELDNAME>
     <POSITION>0009</POSITION>
     <ROLLNAME>BUDAT</ROLLNAME>
     <ADMINFIELD>0</ADMINFIELD>
     <SHLPORIGIN>T</SHLPORIGIN>
     <COMPTYPE>E</COMPTYPE>
    </DD03P>
    <DD03P>
     <TABNAME>ZANS_0047_APPROVE_ALV</TABNAME>
     <FIELDNAME>STATUS</FIELDNAME>
     <POSITION>0010</POSITION>
     <ROLLNAME>BU_ID_NUMBER</ROLLNAME>
     <ADMINFIELD>0</ADMINFIELD>
     <COMPTYPE>E</COMPTYPE>
    </DD03P>
   </DD03P_TABLE>
  </asx:values>
 </asx:abap>
</abapGit>
