﻿<?xml version="1.0" encoding="utf-8"?>
<abapGit version="v1.0.0" serializer="LCL_OBJECT_DTEL" serializer_version="v1.0.0">
 <asx:abap xmlns:asx="http://www.sap.com/abapxml" version="1.0">
  <asx:values>
   <DD04V>
    <ROLLNAME>ZANS_0047_LT</ROLLNAME>
    <DDLANGUAGE>R</DDLANGUAGE>
    <DOMNAME>FLAG</DOMNAME>
    <LOGFLAG>X</LOGFLAG>
    <HEADLEN>55</HEADLEN>
    <SCRLEN1>10</SCRLEN1>
    <SCRLEN2>20</SCRLEN2>
    <SCRLEN3>40</SCRLEN3>
    <DDTEXT>Признак длинного текста</DDTEXT>
    <REPTEXT>Признак длинного текста</REPTEXT>
    <SCRTEXT_S>Дл. текст</SCRTEXT_S>
    <SCRTEXT_M>Длинный текст</SCRTEXT_M>
    <SCRTEXT_L>Признак длинного текста</SCRTEXT_L>
    <DTELMASTER>R</DTELMASTER>
    <REFKIND>D</REFKIND>
   </DD04V>
  </asx:values>
 </asx:abap>
</abapGit>
