﻿<?xml version="1.0" encoding="utf-8"?>
<abapGit version="v1.0.0" serializer="LCL_OBJECT_DTEL" serializer_version="v1.0.0">
 <asx:abap xmlns:asx="http://www.sap.com/abapxml" version="1.0">
  <asx:values>
   <DD04V>
    <ROLLNAME>ZANS_0047_NAME_S</ROLLNAME>
    <DDLANGUAGE>R</DDLANGUAGE>
    <DOMNAME>ZANS_0047_FLDCNT_SHORT_D</DOMNAME>
    <HEADLEN>55</HEADLEN>
    <SCRLEN1>10</SCRLEN1>
    <SCRLEN2>20</SCRLEN2>
    <SCRLEN3>40</SCRLEN3>
    <DDTEXT>Краткое наименование БП</DDTEXT>
    <REPTEXT>Краткое наименование БП</REPTEXT>
    <SCRTEXT_S>КрНаим БП</SCRTEXT_S>
    <SCRTEXT_M>Кр. наим. БП</SCRTEXT_M>
    <SCRTEXT_L>Краткое наименование БП</SCRTEXT_L>
    <DTELMASTER>R</DTELMASTER>
    <REFKIND>D</REFKIND>
   </DD04V>
  </asx:values>
 </asx:abap>
</abapGit>
