﻿<?xml version="1.0" encoding="utf-8"?>
<abapGit version="v1.0.0" serializer="LCL_OBJECT_DTEL" serializer_version="v1.0.0">
 <asx:abap xmlns:asx="http://www.sap.com/abapxml" version="1.0">
  <asx:values>
   <DD04V>
    <ROLLNAME>ZANS_0047_REFLEVEL</ROLLNAME>
    <DDLANGUAGE>R</DDLANGUAGE>
    <DOMNAME>ZANS_0047_REFLEVEL_D</DOMNAME>
    <LOGFLAG>X</LOGFLAG>
    <HEADLEN>55</HEADLEN>
    <SCRLEN1>10</SCRLEN1>
    <SCRLEN2>20</SCRLEN2>
    <SCRLEN3>40</SCRLEN3>
    <DDTEXT>Уровень ведения</DDTEXT>
    <REPTEXT>Уровень ведения</REPTEXT>
    <SCRTEXT_S>УрВедения</SCRTEXT_S>
    <SCRTEXT_M>Уровень ведения</SCRTEXT_M>
    <SCRTEXT_L>Уровень ведения</SCRTEXT_L>
    <DTELMASTER>R</DTELMASTER>
    <REFKIND>D</REFKIND>
   </DD04V>
  </asx:values>
 </asx:abap>
</abapGit>
