﻿<?xml version="1.0" encoding="utf-8"?>
<abapGit version="v1.0.0" serializer="LCL_OBJECT_TABL" serializer_version="v1.0.0">
 <asx:abap xmlns:asx="http://www.sap.com/abapxml" version="1.0">
  <asx:values>
   <DD02V>
    <TABNAME>ZANS_0047_BPMAP_S</TABNAME>
    <DDLANGUAGE>R</DDLANGUAGE>
    <TABCLASS>INTTAB</TABCLASS>
    <DDTEXT>Мэппинг атрибутов участника МГК</DDTEXT>
    <EXCLASS>1</EXCLASS>
   </DD02V>
   <DD03P_TABLE>
    <DD03P>
     <TABNAME>ZANS_0047_BPMAP_S</TABNAME>
     <FIELDNAME>FIELD_ID</FIELDNAME>
     <POSITION>0001</POSITION>
     <ROLLNAME>ZANS_0047_FIELDID</ROLLNAME>
     <ADMINFIELD>0</ADMINFIELD>
     <COMPTYPE>E</COMPTYPE>
    </DD03P>
    <DD03P>
     <TABNAME>ZANS_0047_BPMAP_S</TABNAME>
     <FIELDNAME>FIELDNAME</FIELDNAME>
     <POSITION>0002</POSITION>
     <ROLLNAME>ZANS_0047_FIELDNAME</ROLLNAME>
     <ADMINFIELD>0</ADMINFIELD>
     <COMPTYPE>E</COMPTYPE>
    </DD03P>
    <DD03P>
     <TABNAME>ZANS_0047_BPMAP_S</TABNAME>
     <FIELDNAME>REFLEVEL</FIELDNAME>
     <POSITION>0003</POSITION>
     <ROLLNAME>ZANS_0047_REFLEVEL</ROLLNAME>
     <ADMINFIELD>0</ADMINFIELD>
     <VALEXI>X</VALEXI>
     <SHLPORIGIN>F</SHLPORIGIN>
     <COMPTYPE>E</COMPTYPE>
    </DD03P>
    <DD03P>
     <TABNAME>ZANS_0047_BPMAP_S</TABNAME>
     <FIELDNAME>DEPEND_TIME</FIELDNAME>
     <POSITION>0004</POSITION>
     <ROLLNAME>ZANS_0047_DEPEND_TIME</ROLLNAME>
     <ADMINFIELD>0</ADMINFIELD>
     <VALEXI>X</VALEXI>
     <SHLPORIGIN>F</SHLPORIGIN>
     <COMPTYPE>E</COMPTYPE>
    </DD03P>
    <DD03P>
     <TABNAME>ZANS_0047_BPMAP_S</TABNAME>
     <FIELDNAME>IS_READ_ONLY</FIELDNAME>
     <POSITION>0005</POSITION>
     <ROLLNAME>ZANS_0047_RO</ROLLNAME>
     <ADMINFIELD>0</ADMINFIELD>
     <VALEXI>X</VALEXI>
     <SHLPORIGIN>F</SHLPORIGIN>
     <COMPTYPE>E</COMPTYPE>
    </DD03P>
    <DD03P>
     <TABNAME>ZANS_0047_BPMAP_S</TABNAME>
     <FIELDNAME>IS_LONG_TEXT</FIELDNAME>
     <POSITION>0006</POSITION>
     <ROLLNAME>ZANS_0047_LT</ROLLNAME>
     <ADMINFIELD>0</ADMINFIELD>
     <VALEXI>X</VALEXI>
     <SHLPORIGIN>F</SHLPORIGIN>
     <COMPTYPE>E</COMPTYPE>
    </DD03P>
    <DD03P>
     <TABNAME>ZANS_0047_BPMAP_S</TABNAME>
     <FIELDNAME>TABNAME</FIELDNAME>
     <POSITION>0007</POSITION>
     <ROLLNAME>TABNAME</ROLLNAME>
     <ADMINFIELD>0</ADMINFIELD>
     <COMPTYPE>E</COMPTYPE>
    </DD03P>
    <DD03P>
     <TABNAME>ZANS_0047_BPMAP_S</TABNAME>
     <FIELDNAME>FLNAME</FIELDNAME>
     <POSITION>0008</POSITION>
     <ROLLNAME>FIELDNAME</ROLLNAME>
     <ADMINFIELD>0</ADMINFIELD>
     <COMPTYPE>E</COMPTYPE>
    </DD03P>
   </DD03P_TABLE>
  </asx:values>
 </asx:abap>
</abapGit>
