﻿<?xml version="1.0" encoding="utf-8"?>
<abapGit version="v1.0.0" serializer="LCL_OBJECT_TABL" serializer_version="v1.0.0">
 <asx:abap xmlns:asx="http://www.sap.com/abapxml" version="1.0">
  <asx:values>
   <DD02V>
    <TABNAME>ZANS_0047_BP</TABNAME>
    <DDLANGUAGE>R</DDLANGUAGE>
    <TABCLASS>TRANSP</TABCLASS>
    <CLIDEP>X</CLIDEP>
    <DDTEXT>Атрибуты контрагента с датами действия</DDTEXT>
    <MAINFLAG>X</MAINFLAG>
    <CONTFLAG>A</CONTFLAG>
    <EXCLASS>1</EXCLASS>
   </DD02V>
   <DD09L>
    <TABNAME>ZANS_0047_BP</TABNAME>
    <AS4LOCAL>A</AS4LOCAL>
    <TABKAT>1</TABKAT>
    <TABART>APPL0</TABART>
    <PROTOKOLL>X</PROTOKOLL>
    <BUFALLOW>N</BUFALLOW>
   </DD09L>
   <DD03P_TABLE>
    <DD03P>
     <TABNAME>ZANS_0047_BP</TABNAME>
     <FIELDNAME>MANDT</FIELDNAME>
     <POSITION>0001</POSITION>
     <KEYFLAG>X</KEYFLAG>
     <ROLLNAME>MANDT</ROLLNAME>
     <CHECKTABLE>T000</CHECKTABLE>
     <ADMINFIELD>0</ADMINFIELD>
     <NOTNULL>X</NOTNULL>
     <SHLPORIGIN>P</SHLPORIGIN>
     <COMPTYPE>E</COMPTYPE>
    </DD03P>
    <DD03P>
     <TABNAME>ZANS_0047_BP</TABNAME>
     <FIELDNAME>PARTNER</FIELDNAME>
     <POSITION>0002</POSITION>
     <KEYFLAG>X</KEYFLAG>
     <ROLLNAME>BU_PARTNER</ROLLNAME>
     <CHECKTABLE>BUT000</CHECKTABLE>
     <ADMINFIELD>0</ADMINFIELD>
     <NOTNULL>X</NOTNULL>
     <SHLPORIGIN>P</SHLPORIGIN>
     <SHLPNAME>BUPA</SHLPNAME>
     <SHLPFIELD>PARTNER</SHLPFIELD>
     <COMPTYPE>E</COMPTYPE>
    </DD03P>
    <DD03P>
     <TABNAME>ZANS_0047_BP</TABNAME>
     <FIELDNAME>FIELD_ID</FIELDNAME>
     <POSITION>0003</POSITION>
     <KEYFLAG>X</KEYFLAG>
     <ROLLNAME>ZANS_0047_FIELDID</ROLLNAME>
     <CHECKTABLE>ZANS_0047_BPMAP</CHECKTABLE>
     <ADMINFIELD>0</ADMINFIELD>
     <NOTNULL>X</NOTNULL>
     <SHLPORIGIN>X</SHLPORIGIN>
     <COMPTYPE>E</COMPTYPE>
    </DD03P>
    <DD03P>
     <TABNAME>ZANS_0047_BP</TABNAME>
     <FIELDNAME>BEGDA</FIELDNAME>
     <POSITION>0004</POSITION>
     <KEYFLAG>X</KEYFLAG>
     <ROLLNAME>ZANS_0000_BEGDA</ROLLNAME>
     <ADMINFIELD>0</ADMINFIELD>
     <NOTNULL>X</NOTNULL>
     <SHLPORIGIN>T</SHLPORIGIN>
     <COMPTYPE>E</COMPTYPE>
    </DD03P>
    <DD03P>
     <TABNAME>ZANS_0047_BP</TABNAME>
     <FIELDNAME>ENDDA</FIELDNAME>
     <POSITION>0005</POSITION>
     <ROLLNAME>ZANS_0000_ENDDA</ROLLNAME>
     <ADMINFIELD>0</ADMINFIELD>
     <SHLPORIGIN>T</SHLPORIGIN>
     <COMPTYPE>E</COMPTYPE>
    </DD03P>
    <DD03P>
     <TABNAME>ZANS_0047_BP</TABNAME>
     <FIELDNAME>FIELDCONTENT</FIELDNAME>
     <POSITION>0006</POSITION>
     <ROLLNAME>ZANS_0047_FIELDCONTENT</ROLLNAME>
     <ADMINFIELD>0</ADMINFIELD>
     <COMPTYPE>E</COMPTYPE>
    </DD03P>
    <DD03P>
     <TABNAME>ZANS_0047_BP</TABNAME>
     <FIELDNAME>GUID</FIELDNAME>
     <POSITION>0007</POSITION>
     <ROLLNAME>ZANS_0047_GUID_16</ROLLNAME>
     <ADMINFIELD>0</ADMINFIELD>
     <COMPTYPE>E</COMPTYPE>
    </DD03P>
   </DD03P_TABLE>
   <DD05M_TABLE>
    <DD05M>
     <TABNAME>ZANS_0047_BP</TABNAME>
     <FIELDNAME>FIELD_ID</FIELDNAME>
     <FORTABLE>ZANS_0047_BP</FORTABLE>
     <FORKEY>MANDT</FORKEY>
     <CHECKTABLE>ZANS_0047_BPMAP</CHECKTABLE>
     <CHECKFIELD>CLIENT</CHECKFIELD>
     <PRIMPOS>0001</PRIMPOS>
     <DOMNAME>MANDT</DOMNAME>
     <DATATYPE>CLNT</DATATYPE>
     <LENG>000003</LENG>
    </DD05M>
    <DD05M>
     <TABNAME>ZANS_0047_BP</TABNAME>
     <FIELDNAME>FIELD_ID</FIELDNAME>
     <FORTABLE>ZANS_0047_BP</FORTABLE>
     <FORKEY>FIELD_ID</FORKEY>
     <CHECKTABLE>ZANS_0047_BPMAP</CHECKTABLE>
     <CHECKFIELD>FIELD_ID</CHECKFIELD>
     <PRIMPOS>0002</PRIMPOS>
     <DOMNAME>ATNAM</DOMNAME>
     <DATATYPE>CHAR</DATATYPE>
     <LENG>000030</LENG>
    </DD05M>
    <DD05M>
     <TABNAME>ZANS_0047_BP</TABNAME>
     <FIELDNAME>MANDT</FIELDNAME>
     <FORTABLE>ZANS_0047_BP</FORTABLE>
     <FORKEY>MANDT</FORKEY>
     <CHECKTABLE>T000</CHECKTABLE>
     <CHECKFIELD>MANDT</CHECKFIELD>
     <PRIMPOS>0001</PRIMPOS>
     <DOMNAME>MANDT</DOMNAME>
     <DATATYPE>CLNT</DATATYPE>
     <LENG>000003</LENG>
    </DD05M>
    <DD05M>
     <TABNAME>ZANS_0047_BP</TABNAME>
     <FIELDNAME>PARTNER</FIELDNAME>
     <FORTABLE>ZANS_0047_BP</FORTABLE>
     <FORKEY>MANDT</FORKEY>
     <CHECKTABLE>BUT000</CHECKTABLE>
     <CHECKFIELD>CLIENT</CHECKFIELD>
     <PRIMPOS>0001</PRIMPOS>
     <DOMNAME>MANDT</DOMNAME>
     <DATATYPE>CLNT</DATATYPE>
     <LENG>000003</LENG>
    </DD05M>
    <DD05M>
     <TABNAME>ZANS_0047_BP</TABNAME>
     <FIELDNAME>PARTNER</FIELDNAME>
     <FORTABLE>ZANS_0047_BP</FORTABLE>
     <FORKEY>PARTNER</FORKEY>
     <CHECKTABLE>BUT000</CHECKTABLE>
     <CHECKFIELD>PARTNER</CHECKFIELD>
     <PRIMPOS>0002</PRIMPOS>
     <DOMNAME>BU_PARTNER</DOMNAME>
     <DATATYPE>CHAR</DATATYPE>
     <LENG>000010</LENG>
    </DD05M>
   </DD05M_TABLE>
   <DD08V_TABLE>
    <DD08V>
     <TABNAME>ZANS_0047_BP</TABNAME>
     <FIELDNAME>FIELD_ID</FIELDNAME>
     <DDLANGUAGE>R</DDLANGUAGE>
     <CHECKTABLE>ZANS_0047_BPMAP</CHECKTABLE>
    </DD08V>
    <DD08V>
     <TABNAME>ZANS_0047_BP</TABNAME>
     <FIELDNAME>MANDT</FIELDNAME>
     <DDLANGUAGE>R</DDLANGUAGE>
     <CHECKTABLE>T000</CHECKTABLE>
    </DD08V>
    <DD08V>
     <TABNAME>ZANS_0047_BP</TABNAME>
     <FIELDNAME>PARTNER</FIELDNAME>
     <DDLANGUAGE>R</DDLANGUAGE>
     <CHECKTABLE>BUT000</CHECKTABLE>
    </DD08V>
   </DD08V_TABLE>
   <DD35V_TALE>
    <DD35V>
     <TABNAME>ZANS_0047_BP</TABNAME>
     <FIELDNAME>FIELD_ID</FIELDNAME>
     <SHLPNAME>ZANS_0047_FIELDID_F4</SHLPNAME>
    </DD35V>
   </DD35V_TALE>
   <DD36M>
    <DD36M>
     <TABNAME>ZANS_0047_BP</TABNAME>
     <FIELDNAME>FIELD_ID</FIELDNAME>
     <SHLPNAME>ZANS_0047_FIELDID_F4</SHLPNAME>
     <SHLPFIELD>FIELDNAME</SHLPFIELD>
     <FLPOSITION>0002</FLPOSITION>
     <SHTYPE>G</SHTYPE>
     <SHLPINPUT>X</SHLPINPUT>
     <ROLLNAME>ZANS_0047_FIELDNAME</ROLLNAME>
     <DOMNAME>TEXT255</DOMNAME>
     <DATATYPE>CHAR</DATATYPE>
     <LENG>000255</LENG>
    </DD36M>
    <DD36M>
     <TABNAME>ZANS_0047_BP</TABNAME>
     <FIELDNAME>FIELD_ID</FIELDNAME>
     <SHLPNAME>ZANS_0047_FIELDID_F4</SHLPNAME>
     <SHLPFIELD>FIELD_ID</SHLPFIELD>
     <FLPOSITION>0001</FLPOSITION>
     <SHTABLE>ZANS_0047_BP</SHTABLE>
     <SHFIELD>FIELD_ID</SHFIELD>
     <SHLPINPUT>X</SHLPINPUT>
     <SHLPOUTPUT>X</SHLPOUTPUT>
     <ROLLNAME>ZANS_0047_FIELDID</ROLLNAME>
     <DOMNAME>ATNAM</DOMNAME>
     <DATATYPE>CHAR</DATATYPE>
     <LENG>000030</LENG>
    </DD36M>
   </DD36M>
  </asx:values>
 </asx:abap>
</abapGit>
