﻿<?xml version="1.0" encoding="utf-8"?>
<abapGit version="v1.0.0" serializer="LCL_OBJECT_MSAG" serializer_version="v1.0.0">
 <asx:abap xmlns:asx="http://www.sap.com/abapxml" version="1.0">
  <asx:values>
   <T100A>
    <ARBGB>ZANS_0047</ARBGB>
    <MASTERLANG>R</MASTERLANG>
    <STEXT>Сообщения для Атрибуты участника МГК</STEXT>
   </T100A>
   <T100>
    <T100>
     <SPRSL>R</SPRSL>
     <ARBGB>ZANS_0047</ARBGB>
     <MSGNR>000</MSGNR>
     <TEXT>&amp;</TEXT>
    </T100>
    <T100>
     <SPRSL>R</SPRSL>
     <ARBGB>ZANS_0047</ARBGB>
     <MSGNR>001</MSGNR>
     <TEXT>&amp; &amp;</TEXT>
    </T100>
    <T100>
     <SPRSL>R</SPRSL>
     <ARBGB>ZANS_0047</ARBGB>
     <MSGNR>002</MSGNR>
     <TEXT>&amp; &amp; &amp;</TEXT>
    </T100>
    <T100>
     <SPRSL>R</SPRSL>
     <ARBGB>ZANS_0047</ARBGB>
     <MSGNR>003</MSGNR>
     <TEXT>&amp; &amp; &amp; &amp;</TEXT>
    </T100>
    <T100>
     <SPRSL>R</SPRSL>
     <ARBGB>ZANS_0047</ARBGB>
     <MSGNR>004</MSGNR>
     <TEXT>Код партнера не задан</TEXT>
    </T100>
    <T100>
     <SPRSL>R</SPRSL>
     <ARBGB>ZANS_0047</ARBGB>
     <MSGNR>005</MSGNR>
     <TEXT>Нет данных по условиям ФМ</TEXT>
    </T100>
    <T100>
     <SPRSL>R</SPRSL>
     <ARBGB>ZANS_0047</ARBGB>
     <MSGNR>006</MSGNR>
     <TEXT>Не заполнены ключевые поля для сохранения</TEXT>
    </T100>
    <T100>
     <SPRSL>R</SPRSL>
     <ARBGB>ZANS_0047</ARBGB>
     <MSGNR>007</MSGNR>
     <TEXT>Деловой партнер &amp; не сущетвует</TEXT>
    </T100>
    <T100>
     <SPRSL>R</SPRSL>
     <ARBGB>ZANS_0047</ARBGB>
     <MSGNR>008</MSGNR>
     <TEXT>Статус записи &quot;Утверждено&quot;. Обновление отменено.</TEXT>
    </T100>
    <T100>
     <SPRSL>R</SPRSL>
     <ARBGB>ZANS_0047</ARBGB>
     <MSGNR>009</MSGNR>
     <TEXT>В системе нет статуса &amp;</TEXT>
    </T100>
    <T100>
     <SPRSL>R</SPRSL>
     <ARBGB>ZANS_0047</ARBGB>
     <MSGNR>010</MSGNR>
     <TEXT>Обновление невозможно</TEXT>
    </T100>
    <T100>
     <SPRSL>R</SPRSL>
     <ARBGB>ZANS_0047</ARBGB>
     <MSGNR>011</MSGNR>
     <TEXT>Не заполнено значение признака для сохранения</TEXT>
    </T100>
    <T100>
     <SPRSL>R</SPRSL>
     <ARBGB>ZANS_0047</ARBGB>
     <MSGNR>012</MSGNR>
     <TEXT>Дата начала действия для нового значения меньше, чем дата актуального</TEXT>
    </T100>
    <T100>
     <SPRSL>R</SPRSL>
     <ARBGB>ZANS_0047</ARBGB>
     <MSGNR>013</MSGNR>
     <TEXT>Архивную запись значения атрибута изменить нельзя</TEXT>
    </T100>
    <T100>
     <SPRSL>R</SPRSL>
     <ARBGB>ZANS_0047</ARBGB>
     <MSGNR>014</MSGNR>
     <TEXT>Параметр нельзя удалить</TEXT>
    </T100>
    <T100>
     <SPRSL>R</SPRSL>
     <ARBGB>ZANS_0047</ARBGB>
     <MSGNR>015</MSGNR>
     <TEXT>Данные не выбраны</TEXT>
    </T100>
   </T100>
  </asx:values>
 </asx:abap>
</abapGit>
