﻿<?xml version="1.0" encoding="utf-8"?>
<abapGit version="v1.0.0" serializer="LCL_OBJECT_DOMA" serializer_version="v1.0.0">
 <asx:abap xmlns:asx="http://www.sap.com/abapxml" version="1.0">
  <asx:values>
   <DD01V>
    <DOMNAME>ZANS_0047_FIELDCONTENT_PART_D</DOMNAME>
    <DDLANGUAGE>R</DDLANGUAGE>
    <DATATYPE>CHAR</DATATYPE>
    <LENG>000255</LENG>
    <OUTPUTLEN>000255</OUTPUTLEN>
    <DDTEXT>Значение атрибута (часть значения)</DDTEXT>
   </DD01V>
  </asx:values>
 </asx:abap>
</abapGit>
