﻿<?xml version="1.0" encoding="utf-8"?>
<abapGit version="v1.0.0" serializer="LCL_OBJECT_DTEL" serializer_version="v1.0.0">
 <asx:abap xmlns:asx="http://www.sap.com/abapxml" version="1.0">
  <asx:values>
   <DD04V>
    <ROLLNAME>ZANS_0047_TABNAME</ROLLNAME>
    <DDLANGUAGE>R</DDLANGUAGE>
    <DOMNAME>AS4TAB</DOMNAME>
    <MEMORYID>DTB</MEMORYID>
    <LOGFLAG>X</LOGFLAG>
    <HEADLEN>30</HEADLEN>
    <SCRLEN1>10</SCRLEN1>
    <SCRLEN2>15</SCRLEN2>
    <SCRLEN3>20</SCRLEN3>
    <DDTEXT>Имя таблицы</DDTEXT>
    <REPTEXT>Имя таблицы</REPTEXT>
    <SCRTEXT_S>Таблица</SCRTEXT_S>
    <SCRTEXT_M>Имя таблицы</SCRTEXT_M>
    <SCRTEXT_L>Имя таблицы</SCRTEXT_L>
    <APPLCLASS>SDIC</APPLCLASS>
    <AUTHCLASS>01</AUTHCLASS>
    <DTELMASTER>R</DTELMASTER>
    <DEFFDNAME>TABNAME</DEFFDNAME>
    <REFKIND>D</REFKIND>
   </DD04V>
   <I18N_LANGS>
    <LANGU>D</LANGU>
    <LANGU>E</LANGU>
   </I18N_LANGS>
   <DD04_TEXTS>
    <item>
     <DDLANGUAGE>D</DDLANGUAGE>
     <DDTEXT>Tabellenname</DDTEXT>
     <REPTEXT>Tabellenname</REPTEXT>
     <SCRTEXT_S>Tabelle</SCRTEXT_S>
     <SCRTEXT_M>Tabellenname</SCRTEXT_M>
     <SCRTEXT_L>Tabellenname</SCRTEXT_L>
    </item>
    <item>
     <DDLANGUAGE>E</DDLANGUAGE>
     <DDTEXT>Table Name</DDTEXT>
     <REPTEXT>Table Name</REPTEXT>
     <SCRTEXT_S>Table</SCRTEXT_S>
     <SCRTEXT_M>Table Name</SCRTEXT_M>
     <SCRTEXT_L>Table Name</SCRTEXT_L>
    </item>
   </DD04_TEXTS>
  </asx:values>
 </asx:abap>
</abapGit>
