﻿<?xml version="1.0" encoding="utf-8"?>
<abapGit version="v1.0.0" serializer="LCL_OBJECT_CLAS" serializer_version="v1.0.0">
 <asx:abap xmlns:asx="http://www.sap.com/abapxml" version="1.0">
  <asx:values>
   <VSEOCLASS>
    <CLSNAME>ZANS_CL_0047_BPMGK</CLSNAME>
    <LANGU>R</LANGU>
    <DESCRIPT>Работа с Атрибуты участника МГК</DESCRIPT>
    <STATE>1</STATE>
    <CLSCCINCL>X</CLSCCINCL>
    <FIXPT>X</FIXPT>
    <UNICODE>X</UNICODE>
   </VSEOCLASS>
   <DESCRIPTIONS>
    <SEOCOMPOTX>
     <CLSNAME>ZANS_CL_0047_BPMGK</CLSNAME>
     <CMPNAME>CONSTRUCTOR</CMPNAME>
     <LANGU>R</LANGU>
     <DESCRIPT>CONSTRUCTOR</DESCRIPT>
    </SEOCOMPOTX>
    <SEOCOMPOTX>
     <CLSNAME>ZANS_CL_0047_BPMGK</CLSNAME>
     <CMPNAME>MT_BPMGK</CMPNAME>
     <LANGU>R</LANGU>
     <DESCRIPT>Атрибуты участника МГК</DESCRIPT>
    </SEOCOMPOTX>
    <SEOCOMPOTX>
     <CLSNAME>ZANS_CL_0047_BPMGK</CLSNAME>
     <CMPNAME>MT_BPMGK_SAVE</CMPNAME>
     <LANGU>R</LANGU>
     <DESCRIPT>Атрибуты участника МГК (сохранение)</DESCRIPT>
    </SEOCOMPOTX>
    <SEOCOMPOTX>
     <CLSNAME>ZANS_CL_0047_BPMGK</CLSNAME>
     <CMPNAME>MT_BPMGK_SAVE_OLD</CMPNAME>
     <LANGU>R</LANGU>
     <DESCRIPT>Атрибуты участника МГК (актуальное состояние)</DESCRIPT>
    </SEOCOMPOTX>
    <SEOCOMPOTX>
     <CLSNAME>ZANS_CL_0047_BPMGK</CLSNAME>
     <CMPNAME>MT_BPMGK_SCR</CMPNAME>
     <LANGU>R</LANGU>
     <DESCRIPT>Атрибуты участника МГК (данные для экрана)</DESCRIPT>
    </SEOCOMPOTX>
    <SEOCOMPOTX>
     <CLSNAME>ZANS_CL_0047_BPMGK</CLSNAME>
     <CMPNAME>MT_BP_MAP</CMPNAME>
     <LANGU>R</LANGU>
     <DESCRIPT>Атрибуты контрагента с датами действия</DESCRIPT>
    </SEOCOMPOTX>
    <SEOCOMPOTX>
     <CLSNAME>ZANS_CL_0047_BPMGK</CLSNAME>
     <CMPNAME>MT_LONGTEXT</CMPNAME>
     <LANGU>R</LANGU>
     <DESCRIPT>Длинные тексты</DESCRIPT>
    </SEOCOMPOTX>
    <SEOCOMPOTX>
     <CLSNAME>ZANS_CL_0047_BPMGK</CLSNAME>
     <CMPNAME>MV_KGN</CMPNAME>
     <LANGU>R</LANGU>
     <DESCRIPT>Атрибут Участник КГН для АСКО</DESCRIPT>
    </SEOCOMPOTX>
    <SEOCOMPOTX>
     <CLSNAME>ZANS_CL_0047_BPMGK</CLSNAME>
     <CMPNAME>MV_KGN_OLD</CMPNAME>
     <LANGU>R</LANGU>
     <DESCRIPT>Атрибут Участник КГН для АСКО (значение в БД)</DESCRIPT>
    </SEOCOMPOTX>
    <SEOCOMPOTX>
     <CLSNAME>ZANS_CL_0047_BPMGK</CLSNAME>
     <CMPNAME>MV_MGK</CMPNAME>
     <LANGU>R</LANGU>
     <DESCRIPT>Атрибут Участник МГК</DESCRIPT>
    </SEOCOMPOTX>
    <SEOCOMPOTX>
     <CLSNAME>ZANS_CL_0047_BPMGK</CLSNAME>
     <CMPNAME>MV_MGK_OLD</CMPNAME>
     <LANGU>R</LANGU>
     <DESCRIPT>Атрибут Участник МГК (значение в БД)</DESCRIPT>
    </SEOCOMPOTX>
    <SEOCOMPOTX>
     <CLSNAME>ZANS_CL_0047_BPMGK</CLSNAME>
     <CMPNAME>MV_PARTNER</CMPNAME>
     <LANGU>R</LANGU>
     <DESCRIPT>Номер делового партнера</DESCRIPT>
    </SEOCOMPOTX>
   </DESCRIPTIONS>
  </asx:values>
 </asx:abap>
</abapGit>
