﻿<?xml version="1.0" encoding="utf-8"?>
<abapGit version="v1.0.0" serializer="LCL_OBJECT_TOBJ" serializer_version="v1.0.0">
 <asx:abap xmlns:asx="http://www.sap.com/abapxml" version="1.0">
  <asx:values>
   <OBJH>
    <OBJECTNAME>ZANS_0047_BPMGK</OBJECTNAME>
    <OBJECTTYPE>S</OBJECTTYPE>
    <CLIDEP>X</CLIDEP>
    <OBJCATEG>APPL</OBJCATEG>
    <IMPORTABLE>3</IMPORTABLE>
   </OBJH>
   <OBJT>
    <LANGUAGE>R</LANGUAGE>
    <OBJECTNAME>ZANS_0047_BPMGK</OBJECTNAME>
    <OBJECTTYPE>S</OBJECTTYPE>
    <DDTEXT>Атрибуты участника МГК</DDTEXT>
   </OBJT>
   <OBJS>
    <OBJS>
     <OBJECTNAME>ZANS_0047_BPMGK</OBJECTNAME>
     <OBJECTTYPE>S</OBJECTTYPE>
     <TABNAME>ZANS_0047_BPMGK</TABNAME>
     <DDIC>X</DDIC>
     <PRIM_TABLE>X</PRIM_TABLE>
    </OBJS>
   </OBJS>
   <TOBJ>
    <TDDAT>
     <TABNAME>ZANS_0047_BPMGK</TABNAME>
     <CCLASS>ZANS</CCLASS>
    </TDDAT>
    <TVDIR>
     <TABNAME>ZANS_0047_BPMGK</TABNAME>
     <AREA>ZANS_COMMON</AREA>
     <DEVCLASS>ZANS_0047</DEVCLASS>
     <TYPE>1</TYPE>
     <LISTE>8047</LISTE>
     <BASTAB>X</BASTAB>
     <FLAG>X</FLAG>
    </TVDIR>
    <TVIMF>
     <TVIMF>
      <TABNAME>ZANS_0047_BPMGK</TABNAME>
      <EVENT>01</EVENT>
      <FORMNAME>ZANS_COMMON_WRITE_DOCUMENT</FORMNAME>
     </TVIMF>
     <TVIMF>
      <TABNAME>ZANS_0047_BPMGK</TABNAME>
      <EVENT>02</EVENT>
      <FORMNAME>AFTER_SAVE_NSI</FORMNAME>
     </TVIMF>
    </TVIMF>
   </TOBJ>
  </asx:values>
 </asx:abap>
</abapGit>
