﻿<?xml version="1.0" encoding="utf-8"?>
<abapGit version="v1.0.0" serializer="LCL_OBJECT_DTEL" serializer_version="v1.0.0">
 <asx:abap xmlns:asx="http://www.sap.com/abapxml" version="1.0">
  <asx:values>
   <DD04V>
    <ROLLNAME>ZANS_0047_FIELDNAME</ROLLNAME>
    <DDLANGUAGE>R</DDLANGUAGE>
    <DOMNAME>TEXT255</DOMNAME>
    <LOGFLAG>X</LOGFLAG>
    <HEADLEN>21</HEADLEN>
    <SCRLEN1>09</SCRLEN1>
    <SCRLEN2>16</SCRLEN2>
    <SCRLEN3>21</SCRLEN3>
    <DDTEXT>Наименование атрибута</DDTEXT>
    <REPTEXT>Наименование атрибута</REPTEXT>
    <SCRTEXT_S>НаимАтриб</SCRTEXT_S>
    <SCRTEXT_M>Наимен. атрибута</SCRTEXT_M>
    <SCRTEXT_L>Наименование атрибута</SCRTEXT_L>
    <DTELMASTER>R</DTELMASTER>
    <REFKIND>D</REFKIND>
   </DD04V>
  </asx:values>
 </asx:abap>
</abapGit>
