﻿<?xml version="1.0" encoding="utf-8"?>
<abapGit version="v1.0.0" serializer="LCL_OBJECT_DOMA" serializer_version="v1.0.0">
 <asx:abap xmlns:asx="http://www.sap.com/abapxml" version="1.0">
  <asx:values>
   <DD01V>
    <DOMNAME>ZANS_0047_REFLEVEL_D</DOMNAME>
    <DDLANGUAGE>R</DDLANGUAGE>
    <DATATYPE>CHAR</DATATYPE>
    <LENG>000004</LENG>
    <OUTPUTLEN>000004</OUTPUTLEN>
    <VALEXI>X</VALEXI>
    <DDTEXT>Уровень ведения</DDTEXT>
   </DD01V>
   <DD07V_TAB>
    <DD07V>
     <DOMNAME>ZANS_0047_REFLEVEL_D</DOMNAME>
     <VALPOS>0001</VALPOS>
     <DDLANGUAGE>R</DDLANGUAGE>
     <DOMVALUE_L>FSD</DOMVALUE_L>
     <DDTEXT>Формы сбора данных</DDTEXT>
    </DD07V>
    <DD07V>
     <DOMNAME>ZANS_0047_REFLEVEL_D</DOMNAME>
     <VALPOS>0002</VALPOS>
     <DDLANGUAGE>R</DDLANGUAGE>
     <DOMVALUE_L>OBD</DOMVALUE_L>
     <DDTEXT>ОБД НСИ</DDTEXT>
    </DD07V>
    <DD07V>
     <DOMNAME>ZANS_0047_REFLEVEL_D</DOMNAME>
     <VALPOS>0003</VALPOS>
     <DDLANGUAGE>R</DDLANGUAGE>
     <DOMVALUE_L>D918</DOMVALUE_L>
     <DDTEXT>Департамент 918 ПАО «Газпром»</DDTEXT>
    </DD07V>
   </DD07V_TAB>
  </asx:values>
 </asx:abap>
</abapGit>
