﻿<?xml version="1.0" encoding="utf-8"?>
<abapGit version="v1.0.0" serializer="LCL_OBJECT_FUGR" serializer_version="v1.0.0">
 <asx:abap xmlns:asx="http://www.sap.com/abapxml" version="1.0">
  <asx:values>
   <AREAT>Работа с Атрибуты участника МГК</AREAT>
   <INCLUDES>
    <SOBJ_NAME>LZANS_0047_BPCUSTTOP</SOBJ_NAME>
    <SOBJ_NAME>SAPLZANS_0047_BPCUST</SOBJ_NAME>
   </INCLUDES>
   <FUNCTIONS>
    <item>
     <FUNCNAME>ZANS_0047_READ_DATA</FUNCNAME>
     <SHORT_TEXT>Чтение атрибутов контрагента</SHORT_TEXT>
     <IMPORT>
      <RSIMP>
       <PARAMETER>IV_PARTNER</PARAMETER>
       <REFERENCE>X</REFERENCE>
       <TYP>BP_PARTNER</TYP>
      </RSIMP>
      <RSIMP>
       <PARAMETER>IV_BEGDA</PARAMETER>
       <OPTIONAL>X</OPTIONAL>
       <REFERENCE>X</REFERENCE>
       <TYP>ZANS_BEGDA</TYP>
      </RSIMP>
      <RSIMP>
       <PARAMETER>IV_ENDDA</PARAMETER>
       <OPTIONAL>X</OPTIONAL>
       <REFERENCE>X</REFERENCE>
       <TYP>ZANS_ENDDA</TYP>
      </RSIMP>
      <RSIMP>
       <PARAMETER>IV_FIN_YEAR</PARAMETER>
       <OPTIONAL>X</OPTIONAL>
       <REFERENCE>X</REFERENCE>
       <TYP>ZANS_0047_FIN_YEAR</TYP>
      </RSIMP>
     </IMPORT>
     <CHANGING>
      <RSCHA>
       <PARAMETER>ET_BP</PARAMETER>
       <REFERENCE>X</REFERENCE>
       <TYP>ZANS_0047_BP_T</TYP>
      </RSCHA>
      <RSCHA>
       <PARAMETER>ET_BPMGK</PARAMETER>
       <REFERENCE>X</REFERENCE>
       <TYP>ZANS_0047_BPMGK_T</TYP>
      </RSCHA>
     </CHANGING>
     <DOCUMENTATION>
      <RSFDO>
       <PARAMETER>IV_PARTNER</PARAMETER>
       <KIND>P</KIND>
       <STEXT>Номер делового партнера</STEXT>
       <INDEX> 001</INDEX>
      </RSFDO>
      <RSFDO>
       <PARAMETER>IV_BEGDA</PARAMETER>
       <KIND>P</KIND>
       <STEXT>Начало срока действия</STEXT>
       <INDEX> 002</INDEX>
      </RSFDO>
      <RSFDO>
       <PARAMETER>IV_ENDDA</PARAMETER>
       <KIND>P</KIND>
       <STEXT>Конец срока действия</STEXT>
       <INDEX> 003</INDEX>
      </RSFDO>
      <RSFDO>
       <PARAMETER>IV_FIN_YEAR</PARAMETER>
       <KIND>P</KIND>
       <STEXT>Отчетный период</STEXT>
       <INDEX> 004</INDEX>
      </RSFDO>
      <RSFDO>
       <PARAMETER>ET_BP</PARAMETER>
       <KIND>P</KIND>
       <STEXT>Атрибуты контрагента с датами действия</STEXT>
       <INDEX> 005</INDEX>
      </RSFDO>
      <RSFDO>
       <PARAMETER>ET_BPMGK</PARAMETER>
       <KIND>P</KIND>
       <STEXT>Атрибуты участника МГК</STEXT>
       <INDEX> 006</INDEX>
      </RSFDO>
     </DOCUMENTATION>
    </item>
    <item>
     <FUNCNAME>Z_ANS_0047_BPMGK_MODIFY</FUNCNAME>
     <UPDATE_TASK>1</UPDATE_TASK>
     <SHORT_TEXT>Обновление ZANS_0047_BPMGK</SHORT_TEXT>
     <IMPORT>
      <RSIMP>
       <PARAMETER>IS_LINE</PARAMETER>
       <TYP>ZANS_0047_BPMGK_S</TYP>
      </RSIMP>
     </IMPORT>
     <DOCUMENTATION>
      <RSFDO>
       <PARAMETER>IS_LINE</PARAMETER>
       <KIND>P</KIND>
       <STEXT>Атрибуты участника МГК</STEXT>
       <INDEX> 001</INDEX>
      </RSFDO>
     </DOCUMENTATION>
    </item>
    <item>
     <FUNCNAME>Z_ANS_0047_BPMGK_READ</FUNCNAME>
     <SHORT_TEXT>Чтение «Атрибуты участника МГК»</SHORT_TEXT>
     <IMPORT>
      <RSIMP>
       <PARAMETER>IV_PARTNER</PARAMETER>
       <REFERENCE>X</REFERENCE>
       <TYP>BU_PARTNER</TYP>
      </RSIMP>
      <RSIMP>
       <PARAMETER>IV_FIELD_ID</PARAMETER>
       <OPTIONAL>X</OPTIONAL>
       <REFERENCE>X</REFERENCE>
       <TYP>ZANS_0047_FIELDID</TYP>
      </RSIMP>
      <RSIMP>
       <PARAMETER>IV_FIN_YEAR</PARAMETER>
       <OPTIONAL>X</OPTIONAL>
       <REFERENCE>X</REFERENCE>
       <TYP>BAPIBP_BUSIN_Y</TYP>
      </RSIMP>
     </IMPORT>
     <EXPORT>
      <RSEXP>
       <PARAMETER>ET_BPMGK</PARAMETER>
       <REFERENCE>X</REFERENCE>
       <TYP>ZANS_0047_BPMGK_T</TYP>
      </RSEXP>
     </EXPORT>
     <EXCEPTION>
      <RSEXC>
       <EXCEPTION>PARTNER_IS_INITIAL</EXCEPTION>
      </RSEXC>
      <RSEXC>
       <EXCEPTION>NO_DATA</EXCEPTION>
      </RSEXC>
     </EXCEPTION>
     <DOCUMENTATION>
      <RSFDO>
       <PARAMETER>IV_PARTNER</PARAMETER>
       <KIND>P</KIND>
       <STEXT>Номер делового партнера</STEXT>
       <INDEX> 001</INDEX>
      </RSFDO>
      <RSFDO>
       <PARAMETER>IV_FIELD_ID</PARAMETER>
       <KIND>P</KIND>
       <STEXT>Идентификатор атрибута</STEXT>
       <INDEX> 002</INDEX>
      </RSFDO>
      <RSFDO>
       <PARAMETER>IV_FIN_YEAR</PARAMETER>
       <KIND>P</KIND>
       <STEXT>Финансовый год</STEXT>
       <INDEX> 003</INDEX>
      </RSFDO>
      <RSFDO>
       <PARAMETER>ET_BPMGK</PARAMETER>
       <KIND>P</KIND>
       <STEXT>«Атрибуты участника МГК»</STEXT>
       <INDEX> 004</INDEX>
      </RSFDO>
      <RSFDO>
       <PARAMETER>PARTNER_IS_INITIAL</PARAMETER>
       <KIND>X</KIND>
       <STEXT>Код партнера не задан</STEXT>
       <INDEX> 005</INDEX>
      </RSFDO>
      <RSFDO>
       <PARAMETER>NO_DATA</PARAMETER>
       <KIND>X</KIND>
       <STEXT>Нет данных по условиям ФМ</STEXT>
       <INDEX> 006</INDEX>
      </RSFDO>
     </DOCUMENTATION>
    </item>
    <item>
     <FUNCNAME>Z_ANS_0047_BPMGK_SAVE</FUNCNAME>
     <SHORT_TEXT>Запись «Атрибуты участника МГК»</SHORT_TEXT>
     <IMPORT>
      <RSIMP>
       <PARAMETER>IS_LINE</PARAMETER>
       <OPTIONAL>X</OPTIONAL>
       <REFERENCE>X</REFERENCE>
       <TYP>ZANS_0047_BPMGK_S</TYP>
      </RSIMP>
      <RSIMP>
       <PARAMETER>IV_COMMIT</PARAMETER>
       <OPTIONAL>X</OPTIONAL>
       <REFERENCE>X</REFERENCE>
       <TYP>FLAG</TYP>
      </RSIMP>
      <RSIMP>
       <PARAMETER>IV_UPDATE_TASK</PARAMETER>
       <OPTIONAL>X</OPTIONAL>
       <REFERENCE>X</REFERENCE>
       <TYP>FLAG</TYP>
      </RSIMP>
     </IMPORT>
     <EXPORT>
      <RSEXP>
       <PARAMETER>EV_OK</PARAMETER>
       <REFERENCE>X</REFERENCE>
       <TYP>FLAG</TYP>
      </RSEXP>
     </EXPORT>
     <EXCEPTION>
      <RSEXC>
       <EXCEPTION>PARTNER_IS_BAD</EXCEPTION>
      </RSEXC>
      <RSEXC>
       <EXCEPTION>KEY_IS_EMPTY</EXCEPTION>
      </RSEXC>
      <RSEXC>
       <EXCEPTION>ERROR_STATUS</EXCEPTION>
      </RSEXC>
      <RSEXC>
       <EXCEPTION>NO_UPDATE</EXCEPTION>
      </RSEXC>
     </EXCEPTION>
     <DOCUMENTATION>
      <RSFDO>
       <PARAMETER>IS_LINE</PARAMETER>
       <KIND>P</KIND>
       <STEXT>Атрибуты участника МГК</STEXT>
       <INDEX> 001</INDEX>
      </RSFDO>
      <RSFDO>
       <PARAMETER>IV_COMMIT</PARAMETER>
       <KIND>P</KIND>
       <STEXT>Commit Work</STEXT>
       <INDEX> 002</INDEX>
      </RSFDO>
      <RSFDO>
       <PARAMETER>IV_UPDATE_TASK</PARAMETER>
       <KIND>P</KIND>
       <STEXT>In update task</STEXT>
       <INDEX> 003</INDEX>
      </RSFDO>
      <RSFDO>
       <PARAMETER>EV_OK</PARAMETER>
       <KIND>P</KIND>
       <STEXT>Общий флаг</STEXT>
       <INDEX> 004</INDEX>
      </RSFDO>
      <RSFDO>
       <PARAMETER>PARTNER_IS_BAD</PARAMETER>
       <KIND>X</KIND>
       <STEXT>Код партнера не задан</STEXT>
       <INDEX> 005</INDEX>
      </RSFDO>
      <RSFDO>
       <PARAMETER>KEY_IS_EMPTY</PARAMETER>
       <KIND>X</KIND>
       <STEXT>Не заполнены ключевые поля для сохранения</STEXT>
       <INDEX> 006</INDEX>
      </RSFDO>
      <RSFDO>
       <PARAMETER>ERROR_STATUS</PARAMETER>
       <KIND>X</KIND>
       <STEXT>В системе нет статуса из входных параметров</STEXT>
       <INDEX> 007</INDEX>
      </RSFDO>
      <RSFDO>
       <PARAMETER>NO_UPDATE</PARAMETER>
       <KIND>X</KIND>
       <STEXT>Запись не возможна</STEXT>
       <INDEX> 008</INDEX>
      </RSFDO>
     </DOCUMENTATION>
    </item>
    <item>
     <FUNCNAME>Z_ANS_0047_BP_MODIFY</FUNCNAME>
     <UPDATE_TASK>1</UPDATE_TASK>
     <SHORT_TEXT>Обновление ZANS_0047_BPMGK</SHORT_TEXT>
     <IMPORT>
      <RSIMP>
       <PARAMETER>IS_LINE</PARAMETER>
       <TYP>ZANS_0047_BP_S</TYP>
      </RSIMP>
      <RSIMP>
       <PARAMETER>IV_DELETE</PARAMETER>
       <OPTIONAL>X</OPTIONAL>
       <TYP>FLAG</TYP>
      </RSIMP>
     </IMPORT>
     <DOCUMENTATION>
      <RSFDO>
       <PARAMETER>IS_LINE</PARAMETER>
       <KIND>P</KIND>
       <STEXT>Атрибуты контрагента с датами действия</STEXT>
       <INDEX> 001</INDEX>
      </RSFDO>
      <RSFDO>
       <PARAMETER>IV_DELETE</PARAMETER>
       <KIND>P</KIND>
       <STEXT>Удалить атрибут</STEXT>
       <INDEX> 002</INDEX>
      </RSFDO>
     </DOCUMENTATION>
    </item>
    <item>
     <FUNCNAME>Z_ANS_0047_BP_READ</FUNCNAME>
     <SHORT_TEXT>Чтение «Атрибуты участника МГК»</SHORT_TEXT>
     <IMPORT>
      <RSIMP>
       <PARAMETER>IV_PARTNER</PARAMETER>
       <REFERENCE>X</REFERENCE>
       <TYP>BU_PARTNER</TYP>
      </RSIMP>
      <RSIMP>
       <PARAMETER>IV_FIELD_ID</PARAMETER>
       <OPTIONAL>X</OPTIONAL>
       <REFERENCE>X</REFERENCE>
       <TYP>ZANS_0047_FIELDID</TYP>
      </RSIMP>
      <RSIMP>
       <PARAMETER>IV_BEGDA</PARAMETER>
       <DEFAULT>SY-DATUM</DEFAULT>
       <OPTIONAL>X</OPTIONAL>
       <REFERENCE>X</REFERENCE>
       <TYP>BEGDA</TYP>
      </RSIMP>
      <RSIMP>
       <PARAMETER>IV_ENDDA</PARAMETER>
       <OPTIONAL>X</OPTIONAL>
       <REFERENCE>X</REFERENCE>
       <TYP>ENDDA</TYP>
      </RSIMP>
     </IMPORT>
     <EXPORT>
      <RSEXP>
       <PARAMETER>ET_BP</PARAMETER>
       <REFERENCE>X</REFERENCE>
       <TYP>ZANS_0047_BP_T</TYP>
      </RSEXP>
     </EXPORT>
     <EXCEPTION>
      <RSEXC>
       <EXCEPTION>PARTNER_IS_INITIAL</EXCEPTION>
      </RSEXC>
      <RSEXC>
       <EXCEPTION>NO_DATA</EXCEPTION>
      </RSEXC>
     </EXCEPTION>
     <DOCUMENTATION>
      <RSFDO>
       <PARAMETER>IV_PARTNER</PARAMETER>
       <KIND>P</KIND>
       <STEXT>Номер делового партнера</STEXT>
       <INDEX> 001</INDEX>
      </RSFDO>
      <RSFDO>
       <PARAMETER>IV_FIELD_ID</PARAMETER>
       <KIND>P</KIND>
       <STEXT>Идентификатор атрибута</STEXT>
       <INDEX> 002</INDEX>
      </RSFDO>
      <RSFDO>
       <PARAMETER>IV_BEGDA</PARAMETER>
       <KIND>P</KIND>
       <STEXT>Начало срока действия</STEXT>
       <INDEX> 003</INDEX>
      </RSFDO>
      <RSFDO>
       <PARAMETER>IV_ENDDA</PARAMETER>
       <KIND>P</KIND>
       <STEXT>Конец срока действия</STEXT>
       <INDEX> 004</INDEX>
      </RSFDO>
      <RSFDO>
       <PARAMETER>ET_BP</PARAMETER>
       <KIND>P</KIND>
       <STEXT>Атрибуты контрагента с датами действия</STEXT>
       <INDEX> 005</INDEX>
      </RSFDO>
      <RSFDO>
       <PARAMETER>PARTNER_IS_INITIAL</PARAMETER>
       <KIND>X</KIND>
       <STEXT>Код партнера не задан</STEXT>
       <INDEX> 006</INDEX>
      </RSFDO>
      <RSFDO>
       <PARAMETER>NO_DATA</PARAMETER>
       <KIND>X</KIND>
       <STEXT>Нет данных по условиям ФМ</STEXT>
       <INDEX> 007</INDEX>
      </RSFDO>
     </DOCUMENTATION>
    </item>
    <item>
     <FUNCNAME>Z_ANS_0047_BP_SAVE</FUNCNAME>
     <SHORT_TEXT>Запись «Атрибуты участника МГК»</SHORT_TEXT>
     <IMPORT>
      <RSIMP>
       <PARAMETER>IS_LINE</PARAMETER>
       <REFERENCE>X</REFERENCE>
       <TYP>ZANS_0047_BP_S</TYP>
      </RSIMP>
      <RSIMP>
       <PARAMETER>IS_BPMAP</PARAMETER>
       <OPTIONAL>X</OPTIONAL>
       <REFERENCE>X</REFERENCE>
       <TYP>ZANS_0047_BPMAP_S</TYP>
      </RSIMP>
      <RSIMP>
       <PARAMETER>IV_DELETE</PARAMETER>
       <OPTIONAL>X</OPTIONAL>
       <REFERENCE>X</REFERENCE>
       <TYP>FLAG</TYP>
      </RSIMP>
      <RSIMP>
       <PARAMETER>IV_COMMIT</PARAMETER>
       <OPTIONAL>X</OPTIONAL>
       <REFERENCE>X</REFERENCE>
       <TYP>FLAG</TYP>
      </RSIMP>
      <RSIMP>
       <PARAMETER>IV_UPDATE_TASK</PARAMETER>
       <OPTIONAL>X</OPTIONAL>
       <REFERENCE>X</REFERENCE>
       <TYP>FLAG</TYP>
      </RSIMP>
      <RSIMP>
       <PARAMETER>IV_FROM_FSD</PARAMETER>
       <OPTIONAL>X</OPTIONAL>
       <REFERENCE>X</REFERENCE>
       <TYP>FLAG</TYP>
      </RSIMP>
     </IMPORT>
     <EXPORT>
      <RSEXP>
       <PARAMETER>EV_OK</PARAMETER>
       <REFERENCE>X</REFERENCE>
       <TYP>FLAG</TYP>
      </RSEXP>
     </EXPORT>
     <EXCEPTION>
      <RSEXC>
       <EXCEPTION>PARTNER_IS_BAD</EXCEPTION>
      </RSEXC>
      <RSEXC>
       <EXCEPTION>KEY_IS_EMPTY</EXCEPTION>
      </RSEXC>
      <RSEXC>
       <EXCEPTION>ERROR_STATUS</EXCEPTION>
      </RSEXC>
      <RSEXC>
       <EXCEPTION>NO_UPDATE</EXCEPTION>
      </RSEXC>
      <RSEXC>
       <EXCEPTION>NO_FIELDCONTENT</EXCEPTION>
      </RSEXC>
      <RSEXC>
       <EXCEPTION>BEG_DATE_ERORR</EXCEPTION>
      </RSEXC>
      <RSEXC>
       <EXCEPTION>NOT_DELETED</EXCEPTION>
      </RSEXC>
     </EXCEPTION>
     <DOCUMENTATION>
      <RSFDO>
       <PARAMETER>IS_LINE</PARAMETER>
       <KIND>P</KIND>
       <STEXT>Атрибуты контрагента с датами действия</STEXT>
       <INDEX> 001</INDEX>
      </RSFDO>
      <RSFDO>
       <PARAMETER>IS_BPMAP</PARAMETER>
       <KIND>P</KIND>
       <STEXT>Мэппинг атрибутов участника МГК</STEXT>
       <INDEX> 002</INDEX>
      </RSFDO>
      <RSFDO>
       <PARAMETER>IV_DELETE</PARAMETER>
       <KIND>P</KIND>
       <STEXT>Delete</STEXT>
       <INDEX> 003</INDEX>
      </RSFDO>
      <RSFDO>
       <PARAMETER>IV_COMMIT</PARAMETER>
       <KIND>P</KIND>
       <STEXT>Commit Work</STEXT>
       <INDEX> 004</INDEX>
      </RSFDO>
      <RSFDO>
       <PARAMETER>IV_UPDATE_TASK</PARAMETER>
       <KIND>P</KIND>
       <STEXT>In update task</STEXT>
       <INDEX> 005</INDEX>
      </RSFDO>
      <RSFDO>
       <PARAMETER>IV_FROM_FSD</PARAMETER>
       <KIND>P</KIND>
       <STEXT>Data save from FSD</STEXT>
       <INDEX> 006</INDEX>
      </RSFDO>
      <RSFDO>
       <PARAMETER>EV_OK</PARAMETER>
       <KIND>P</KIND>
       <STEXT>Общий флаг</STEXT>
       <INDEX> 007</INDEX>
      </RSFDO>
      <RSFDO>
       <PARAMETER>PARTNER_IS_BAD</PARAMETER>
       <KIND>X</KIND>
       <STEXT>Код партнера не задан</STEXT>
       <INDEX> 008</INDEX>
      </RSFDO>
      <RSFDO>
       <PARAMETER>KEY_IS_EMPTY</PARAMETER>
       <KIND>X</KIND>
       <STEXT>Не заполнены ключевые поля для сохранения</STEXT>
       <INDEX> 009</INDEX>
      </RSFDO>
      <RSFDO>
       <PARAMETER>ERROR_STATUS</PARAMETER>
       <KIND>X</KIND>
       <STEXT>В системе нет статуса из входных параметров</STEXT>
       <INDEX> 010</INDEX>
      </RSFDO>
      <RSFDO>
       <PARAMETER>NO_UPDATE</PARAMETER>
       <KIND>X</KIND>
       <STEXT>Запись не возможна</STEXT>
       <INDEX> 011</INDEX>
      </RSFDO>
      <RSFDO>
       <PARAMETER>NO_FIELDCONTENT</PARAMETER>
       <KIND>X</KIND>
       <STEXT>Не заполнено значение атрибута для сохранения</STEXT>
       <INDEX> 012</INDEX>
      </RSFDO>
      <RSFDO>
       <PARAMETER>BEG_DATE_ERORR</PARAMETER>
       <KIND>X</KIND>
       <STEXT>Ошибочная дата начала действия значения атрибута</STEXT>
       <INDEX> 013</INDEX>
      </RSFDO>
      <RSFDO>
       <PARAMETER>NOT_DELETED</PARAMETER>
       <KIND>X</KIND>
       <STEXT>Нелья удалить</STEXT>
       <INDEX> 014</INDEX>
      </RSFDO>
     </DOCUMENTATION>
    </item>
    <item>
     <FUNCNAME>Z_ANS_0047_LONG_MODIFY</FUNCNAME>
     <UPDATE_TASK>1</UPDATE_TASK>
     <SHORT_TEXT>Обновление ZANS_0047_BPMGK</SHORT_TEXT>
     <IMPORT>
      <RSIMP>
       <PARAMETER>IS_LINE</PARAMETER>
       <TYP>ZANS_0047_LONG_S</TYP>
      </RSIMP>
     </IMPORT>
     <DOCUMENTATION>
      <RSFDO>
       <PARAMETER>IS_LINE</PARAMETER>
       <KIND>P</KIND>
       <STEXT>Структура для Длинных текстов</STEXT>
       <INDEX> 001</INDEX>
      </RSFDO>
     </DOCUMENTATION>
    </item>
    <item>
     <FUNCNAME>Z_ANS_0047_READ_DATA</FUNCNAME>
     <SHORT_TEXT>Чтение атрибутов контрагента</SHORT_TEXT>
     <IMPORT>
      <RSIMP>
       <PARAMETER>IV_PARTNER</PARAMETER>
       <REFERENCE>X</REFERENCE>
       <TYP>BP_PARTNER</TYP>
      </RSIMP>
      <RSIMP>
       <PARAMETER>IV_BEGDA</PARAMETER>
       <OPTIONAL>X</OPTIONAL>
       <REFERENCE>X</REFERENCE>
       <TYP>ZANS_BEGDA</TYP>
      </RSIMP>
      <RSIMP>
       <PARAMETER>IV_ENDDA</PARAMETER>
       <OPTIONAL>X</OPTIONAL>
       <REFERENCE>X</REFERENCE>
       <TYP>ZANS_ENDDA</TYP>
      </RSIMP>
      <RSIMP>
       <PARAMETER>IV_FIN_YEAR</PARAMETER>
       <OPTIONAL>X</OPTIONAL>
       <REFERENCE>X</REFERENCE>
       <TYP>ZANS_0047_FIN_YEAR</TYP>
      </RSIMP>
     </IMPORT>
     <CHANGING>
      <RSCHA>
       <PARAMETER>ET_BP</PARAMETER>
       <REFERENCE>X</REFERENCE>
       <TYP>ZANS_0047_BP_T</TYP>
      </RSCHA>
      <RSCHA>
       <PARAMETER>ET_BPMGK</PARAMETER>
       <REFERENCE>X</REFERENCE>
       <TYP>ZANS_0047_BPMGK_T</TYP>
      </RSCHA>
     </CHANGING>
     <DOCUMENTATION>
      <RSFDO>
       <PARAMETER>IV_PARTNER</PARAMETER>
       <KIND>P</KIND>
       <STEXT>Номер делового партнера</STEXT>
       <INDEX> 001</INDEX>
      </RSFDO>
      <RSFDO>
       <PARAMETER>IV_BEGDA</PARAMETER>
       <KIND>P</KIND>
       <STEXT>Начало срока действия</STEXT>
       <INDEX> 002</INDEX>
      </RSFDO>
      <RSFDO>
       <PARAMETER>IV_ENDDA</PARAMETER>
       <KIND>P</KIND>
       <STEXT>Конец срока действия</STEXT>
       <INDEX> 003</INDEX>
      </RSFDO>
      <RSFDO>
       <PARAMETER>IV_FIN_YEAR</PARAMETER>
       <KIND>P</KIND>
       <STEXT>Отчетный период</STEXT>
       <INDEX> 004</INDEX>
      </RSFDO>
      <RSFDO>
       <PARAMETER>ET_BP</PARAMETER>
       <KIND>P</KIND>
       <STEXT>Атрибуты контрагента с датами действия</STEXT>
       <INDEX> 005</INDEX>
      </RSFDO>
      <RSFDO>
       <PARAMETER>ET_BPMGK</PARAMETER>
       <KIND>P</KIND>
       <STEXT>Атрибуты участника МГК</STEXT>
       <INDEX> 006</INDEX>
      </RSFDO>
     </DOCUMENTATION>
    </item>
   </FUNCTIONS>
   <CUA>
    <ADM>
     <ACTCODE>000001</ACTCODE>
     <PFKCODE>000001</PFKCODE>
    </ADM>
    <FUN>
     <RSMPE_FUNT>
      <CODE>FIRST_PAGE</CODE>
      <TEXTNO>001</TEXTNO>
      <TEXT_TYPE>S</TEXT_TYPE>
      <TEXT_NAME>ICON_TOTAL_UP</TEXT_NAME>
      <ICON_ID>@HF@</ICON_ID>
      <FUN_TEXT>До конца вверх</FUN_TEXT>
     </RSMPE_FUNT>
     <RSMPE_FUNT>
      <CODE>LAST_PAGE</CODE>
      <TEXTNO>001</TEXTNO>
      <TEXT_TYPE>S</TEXT_TYPE>
      <TEXT_NAME>ICON_TOTAL_DOWN</TEXT_NAME>
      <ICON_ID>@HG@</ICON_ID>
      <FUN_TEXT>До конца вниз</FUN_TEXT>
     </RSMPE_FUNT>
     <RSMPE_FUNT>
      <CODE>NEXT_LINE</CODE>
      <TEXTNO>001</TEXTNO>
      <TEXT_TYPE>S</TEXT_TYPE>
      <TEXT_NAME>ICON_PREVIOUS_VALUE</TEXT_NAME>
      <ICON_ID>@0H@</ICON_ID>
      <FUN_TEXT>На строку вниз</FUN_TEXT>
     </RSMPE_FUNT>
     <RSMPE_FUNT>
      <CODE>NEXT_PAGE</CODE>
      <TEXTNO>001</TEXTNO>
      <TEXT_TYPE>S</TEXT_TYPE>
      <TEXT_NAME>ICON_PAGE_DOWN</TEXT_NAME>
      <ICON_ID>@HI@</ICON_ID>
      <FUN_TEXT>Следующая страница</FUN_TEXT>
     </RSMPE_FUNT>
     <RSMPE_FUNT>
      <CODE>PREV_LINE</CODE>
      <TEXTNO>001</TEXTNO>
      <TEXT_TYPE>S</TEXT_TYPE>
      <TEXT_NAME>ICON_NEXT_VALUE</TEXT_NAME>
      <ICON_ID>@0I@</ICON_ID>
      <FUN_TEXT>На строку вверх</FUN_TEXT>
     </RSMPE_FUNT>
     <RSMPE_FUNT>
      <CODE>PREV_PAGE</CODE>
      <TEXTNO>001</TEXTNO>
      <TEXT_TYPE>S</TEXT_TYPE>
      <TEXT_NAME>ICON_PAGE_UP</TEXT_NAME>
      <ICON_ID>@HH@</ICON_ID>
      <FUN_TEXT>На страницу вверх</FUN_TEXT>
     </RSMPE_FUNT>
    </FUN>
    <BUT>
     <RSMPE_BUT>
      <PFK_CODE>000001</PFK_CODE>
      <CODE>0001</CODE>
      <NO>01</NO>
      <PFNO>25</PFNO>
     </RSMPE_BUT>
     <RSMPE_BUT>
      <PFK_CODE>000001</PFK_CODE>
      <CODE>0001</CODE>
      <NO>02</NO>
      <PFNO>26</PFNO>
     </RSMPE_BUT>
     <RSMPE_BUT>
      <PFK_CODE>000001</PFK_CODE>
      <CODE>0001</CODE>
      <NO>03</NO>
      <PFNO>27</PFNO>
     </RSMPE_BUT>
     <RSMPE_BUT>
      <PFK_CODE>000001</PFK_CODE>
      <CODE>0001</CODE>
      <NO>04</NO>
      <PFNO>28</PFNO>
     </RSMPE_BUT>
     <RSMPE_BUT>
      <PFK_CODE>000001</PFK_CODE>
      <CODE>0001</CODE>
      <NO>05</NO>
      <PFNO>29</PFNO>
     </RSMPE_BUT>
     <RSMPE_BUT>
      <PFK_CODE>000001</PFK_CODE>
      <CODE>0001</CODE>
      <NO>06</NO>
      <PFNO>30</PFNO>
     </RSMPE_BUT>
    </BUT>
    <PFK>
     <RSMPE_PFK>
      <CODE>000001</CODE>
      <PFNO>25</PFNO>
      <FUNCODE>FIRST_PAGE</FUNCODE>
      <FUNNO>001</FUNNO>
     </RSMPE_PFK>
     <RSMPE_PFK>
      <CODE>000001</CODE>
      <PFNO>26</PFNO>
      <FUNCODE>PREV_PAGE</FUNCODE>
      <FUNNO>001</FUNNO>
     </RSMPE_PFK>
     <RSMPE_PFK>
      <CODE>000001</CODE>
      <PFNO>27</PFNO>
      <FUNCODE>PREV_LINE</FUNCODE>
      <FUNNO>001</FUNNO>
     </RSMPE_PFK>
     <RSMPE_PFK>
      <CODE>000001</CODE>
      <PFNO>28</PFNO>
      <FUNCODE>NEXT_LINE</FUNCODE>
      <FUNNO>001</FUNNO>
     </RSMPE_PFK>
     <RSMPE_PFK>
      <CODE>000001</CODE>
      <PFNO>29</PFNO>
      <FUNCODE>NEXT_PAGE</FUNCODE>
      <FUNNO>001</FUNNO>
     </RSMPE_PFK>
     <RSMPE_PFK>
      <CODE>000001</CODE>
      <PFNO>30</PFNO>
      <FUNCODE>LAST_PAGE</FUNCODE>
      <FUNNO>001</FUNNO>
     </RSMPE_PFK>
    </PFK>
    <DOC>
     <RSMPE_ATRT>
      <OBJ_TYPE>A</OBJ_TYPE>
      <OBJ_CODE>000001</OBJ_CODE>
      <MODAL>D</MODAL>
      <INT_NOTE>Атрибуты участника МГК</INT_NOTE>
     </RSMPE_ATRT>
     <RSMPE_ATRT>
      <OBJ_TYPE>P</OBJ_TYPE>
      <OBJ_CODE>000001</OBJ_CODE>
      <MODAL>D</MODAL>
      <INT_NOTE>Атрибуты участника МГК</INT_NOTE>
     </RSMPE_ATRT>
     <RSMPE_ATRT>
      <OBJ_TYPE>B</OBJ_TYPE>
      <OBJ_CODE>000001</OBJ_CODE>
      <SUB_CODE>0001</SUB_CODE>
      <MODAL>D</MODAL>
      <INT_NOTE>Атрибуты участника МГК</INT_NOTE>
     </RSMPE_ATRT>
    </DOC>
   </CUA>
  </asx:values>
 </asx:abap>
</abapGit>
