﻿<?xml version="1.0" encoding="utf-8"?>
<abapGit version="v1.0.0" serializer="LCL_OBJECT_TABL" serializer_version="v1.0.0">
 <asx:abap xmlns:asx="http://www.sap.com/abapxml" version="1.0">
  <asx:values>
   <DD02V>
    <TABNAME>ZANS_0047_GSCR_TAB_9002_S</TABNAME>
    <DDLANGUAGE>R</DDLANGUAGE>
    <TABCLASS>INTTAB</TABCLASS>
    <DDTEXT>Структура экранной таблицы для экрана 9002</DDTEXT>
    <EXCLASS>1</EXCLASS>
   </DD02V>
   <DD03P_TABLE>
    <DD03P>
     <TABNAME>ZANS_0047_GSCR_TAB_9002_S</TABNAME>
     <FIELDNAME>FIELD_ID</FIELDNAME>
     <POSITION>0001</POSITION>
     <ROLLNAME>ZANS_0047_FIELDID</ROLLNAME>
     <ADMINFIELD>0</ADMINFIELD>
     <COMPTYPE>E</COMPTYPE>
    </DD03P>
    <DD03P>
     <TABNAME>ZANS_0047_GSCR_TAB_9002_S</TABNAME>
     <FIELDNAME>FIELDNAME</FIELDNAME>
     <POSITION>0002</POSITION>
     <ROLLNAME>ZANS_0047_FIELDNAME</ROLLNAME>
     <ADMINFIELD>0</ADMINFIELD>
     <COMPTYPE>E</COMPTYPE>
    </DD03P>
    <DD03P>
     <TABNAME>ZANS_0047_GSCR_TAB_9002_S</TABNAME>
     <FIELDNAME>BEGDA</FIELDNAME>
     <POSITION>0003</POSITION>
     <ROLLNAME>BEGDA</ROLLNAME>
     <ADMINFIELD>0</ADMINFIELD>
     <SHLPORIGIN>T</SHLPORIGIN>
     <COMPTYPE>E</COMPTYPE>
    </DD03P>
    <DD03P>
     <TABNAME>ZANS_0047_GSCR_TAB_9002_S</TABNAME>
     <FIELDNAME>ENDDA</FIELDNAME>
     <POSITION>0004</POSITION>
     <ROLLNAME>ENDDA</ROLLNAME>
     <ADMINFIELD>0</ADMINFIELD>
     <SHLPORIGIN>T</SHLPORIGIN>
     <COMPTYPE>E</COMPTYPE>
    </DD03P>
    <DD03P>
     <TABNAME>ZANS_0047_GSCR_TAB_9002_S</TABNAME>
     <FIELDNAME>FIELDCONTENT</FIELDNAME>
     <POSITION>0005</POSITION>
     <ROLLNAME>ZANS_0047_FIELDCONTENT</ROLLNAME>
     <ADMINFIELD>0</ADMINFIELD>
     <COMPTYPE>E</COMPTYPE>
    </DD03P>
    <DD03P>
     <TABNAME>ZANS_0047_GSCR_TAB_9002_S</TABNAME>
     <FIELDNAME>FCNAME</FIELDNAME>
     <POSITION>0006</POSITION>
     <ROLLNAME>ZANS_0047_FLDCNT_SHORT</ROLLNAME>
     <ADMINFIELD>0</ADMINFIELD>
     <COMPTYPE>E</COMPTYPE>
    </DD03P>
    <DD03P>
     <TABNAME>ZANS_0047_GSCR_TAB_9002_S</TABNAME>
     <FIELDNAME>GUID</FIELDNAME>
     <POSITION>0007</POSITION>
     <ROLLNAME>GUID_16</ROLLNAME>
     <ADMINFIELD>0</ADMINFIELD>
     <COMPTYPE>E</COMPTYPE>
    </DD03P>
    <DD03P>
     <TABNAME>ZANS_0047_GSCR_TAB_9002_S</TABNAME>
     <FIELDNAME>INDX</FIELDNAME>
     <POSITION>0008</POSITION>
     <ROLLNAME>CATS_TABIX</ROLLNAME>
     <ADMINFIELD>0</ADMINFIELD>
     <COMPTYPE>E</COMPTYPE>
    </DD03P>
    <DD03P>
     <TABNAME>ZANS_0047_GSCR_TAB_9002_S</TABNAME>
     <FIELDNAME>XMARK</FIELDNAME>
     <POSITION>0009</POSITION>
     <ROLLNAME>XFELD</ROLLNAME>
     <ADMINFIELD>0</ADMINFIELD>
     <VALEXI>X</VALEXI>
     <SHLPORIGIN>F</SHLPORIGIN>
     <COMPTYPE>E</COMPTYPE>
    </DD03P>
    <DD03P>
     <TABNAME>ZANS_0047_GSCR_TAB_9002_S</TABNAME>
     <FIELDNAME>CHANGED</FIELDNAME>
     <POSITION>0010</POSITION>
     <ROLLNAME>XFELD</ROLLNAME>
     <ADMINFIELD>0</ADMINFIELD>
     <VALEXI>X</VALEXI>
     <SHLPORIGIN>F</SHLPORIGIN>
     <COMPTYPE>E</COMPTYPE>
    </DD03P>
    <DD03P>
     <TABNAME>ZANS_0047_GSCR_TAB_9002_S</TABNAME>
     <FIELDNAME>DELETED</FIELDNAME>
     <POSITION>0011</POSITION>
     <ROLLNAME>XFELD</ROLLNAME>
     <ADMINFIELD>0</ADMINFIELD>
     <VALEXI>X</VALEXI>
     <SHLPORIGIN>F</SHLPORIGIN>
     <COMPTYPE>E</COMPTYPE>
    </DD03P>
    <DD03P>
     <TABNAME>ZANS_0047_GSCR_TAB_9002_S</TABNAME>
     <FIELDNAME>NEW_FIELD</FIELDNAME>
     <POSITION>0012</POSITION>
     <ROLLNAME>XFELD</ROLLNAME>
     <ADMINFIELD>0</ADMINFIELD>
     <VALEXI>X</VALEXI>
     <SHLPORIGIN>F</SHLPORIGIN>
     <COMPTYPE>E</COMPTYPE>
    </DD03P>
   </DD03P_TABLE>
  </asx:values>
 </asx:abap>
</abapGit>
