﻿<?xml version="1.0" encoding="utf-8"?>
<abapGit version="v1.0.0" serializer="LCL_OBJECT_DTEL" serializer_version="v1.0.0">
 <asx:abap xmlns:asx="http://www.sap.com/abapxml" version="1.0">
  <asx:values>
   <DD04V>
    <ROLLNAME>ZANS_0047_KPP_OBD</ROLLNAME>
    <DDLANGUAGE>R</DDLANGUAGE>
    <HEADLEN>55</HEADLEN>
    <SCRLEN1>10</SCRLEN1>
    <SCRLEN2>20</SCRLEN2>
    <SCRLEN3>40</SCRLEN3>
    <DDTEXT>КПП для крупнейших налогоплательщиков (ОБД НСИ)</DDTEXT>
    <REPTEXT>КПП для крупнейших налогоплательщиков (ОБД НСИ)</REPTEXT>
    <SCRTEXT_S>КППКрупОБД</SCRTEXT_S>
    <SCRTEXT_M>КПП дляКруп.НалогОБД</SCRTEXT_M>
    <SCRTEXT_L>КПП для круп. НалогОБД</SCRTEXT_L>
    <DTELMASTER>R</DTELMASTER>
    <DATATYPE>CHAR</DATATYPE>
    <LENG>000020</LENG>
    <OUTPUTLEN>000020</OUTPUTLEN>
   </DD04V>
  </asx:values>
 </asx:abap>
</abapGit>
