﻿<?xml version="1.0" encoding="utf-8"?>
<abapGit version="v1.0.0" serializer="LCL_OBJECT_FUGR" serializer_version="v1.0.0">
 <asx:abap xmlns:asx="http://www.sap.com/abapxml" version="1.0">
  <asx:values>
   <AREAT>Работа с Атрибуты БП (9002)</AREAT>
   <INCLUDES>
    <SOBJ_NAME>LZANS_0047_BPCUST_9002F01</SOBJ_NAME>
    <SOBJ_NAME>LZANS_0047_BPCUST_9002I01</SOBJ_NAME>
    <SOBJ_NAME>LZANS_0047_BPCUST_9002O01</SOBJ_NAME>
    <SOBJ_NAME>LZANS_0047_BPCUST_9002TOP</SOBJ_NAME>
    <SOBJ_NAME>SAPLZANS_0047_BPCUST_9002</SOBJ_NAME>
   </INCLUDES>
   <FUNCTIONS>
    <item>
     <FUNCNAME>Z_ANS_0047_9002_EVENT_DSAVE</FUNCNAME>
     <SHORT_TEXT>Событие: сохранить</SHORT_TEXT>
    </item>
    <item>
     <FUNCNAME>Z_ANS_0047_9002_EVENT_FCODE</FUNCNAME>
     <SHORT_TEXT>Событие: обработка функциональный кодов</SHORT_TEXT>
     <IMPORT>
      <RSIMP>
       <PARAMETER>I_FCODE</PARAMETER>
       <OPTIONAL>X</OPTIONAL>
       <REFERENCE>X</REFERENCE>
       <TYP>BU_FCODE</TYP>
      </RSIMP>
      <RSIMP>
       <PARAMETER>I_CRSFIELD</PARAMETER>
       <OPTIONAL>X</OPTIONAL>
       <REFERENCE>X</REFERENCE>
       <TYP>BU_TBFLD</TYP>
      </RSIMP>
      <RSIMP>
       <PARAMETER>I_CRSLINE</PARAMETER>
       <OPTIONAL>X</OPTIONAL>
       <REFERENCE>X</REFERENCE>
       <TYP>SYST_LILLI</TYP>
      </RSIMP>
     </IMPORT>
     <EXPORT>
      <RSEXP>
       <PARAMETER>E_XHANDLE</PARAMETER>
       <TYP>C</TYP>
      </RSEXP>
     </EXPORT>
     <DOCUMENTATION>
      <RSFDO>
       <PARAMETER>I_FCODE</PARAMETER>
       <KIND>P</KIND>
       <STEXT>Код функции GUI</STEXT>
       <INDEX> 001</INDEX>
      </RSFDO>
      <RSFDO>
       <PARAMETER>I_CRSFIELD</PARAMETER>
       <KIND>P</KIND>
       <STEXT>Поле таблицы (имя таблицы-имя поля)</STEXT>
       <INDEX> 002</INDEX>
      </RSFDO>
      <RSFDO>
       <PARAMETER>I_CRSLINE</PARAMETER>
       <KIND>P</KIND>
       <STEXT>Системное поле: выбранная строка списка</STEXT>
       <INDEX> 003</INDEX>
      </RSFDO>
      <RSFDO>
       <PARAMETER>E_XHANDLE</PARAMETER>
       <KIND>P</KIND>
       <STEXT>OK-code</STEXT>
       <INDEX> 004</INDEX>
      </RSFDO>
     </DOCUMENTATION>
    </item>
    <item>
     <FUNCNAME>Z_ANS_0047_9002_EVENT_XCHNG</FUNCNAME>
     <SHORT_TEXT>Событие: проверка изменений данных</SHORT_TEXT>
     <EXPORT>
      <RSEXP>
       <PARAMETER>E_XCHNG</PARAMETER>
       <TYP>BU_XCHNG</TYP>
      </RSEXP>
     </EXPORT>
     <DOCUMENTATION>
      <RSFDO>
       <PARAMETER>E_XCHNG</PARAMETER>
       <KIND>P</KIND>
       <STEXT>Индикатор: данные изменены</STEXT>
       <INDEX> 001</INDEX>
      </RSFDO>
     </DOCUMENTATION>
    </item>
    <item>
     <FUNCNAME>Z_ANS_0047_9002_PAI_MISC</FUNCNAME>
     <SHORT_TEXT>PAI for screen 9001</SHORT_TEXT>
     <IMPORT>
      <RSIMP>
       <PARAMETER>I_SICHT</PARAMETER>
       <REFERENCE>X</REFERENCE>
       <TYP>BU_SICHT</TYP>
      </RSIMP>
     </IMPORT>
     <DOCUMENTATION>
      <RSFDO>
       <PARAMETER>I_SICHT</PARAMETER>
       <KIND>P</KIND>
       <STEXT>Ракурс</STEXT>
       <INDEX> 001</INDEX>
      </RSFDO>
     </DOCUMENTATION>
    </item>
    <item>
     <FUNCNAME>Z_ANS_0047_9002_PBO_MISC</FUNCNAME>
     <SHORT_TEXT>PBO for screen 9001</SHORT_TEXT>
     <IMPORT>
      <RSIMP>
       <PARAMETER>I_SICHT</PARAMETER>
       <REFERENCE>X</REFERENCE>
       <TYP>BU_SICHT</TYP>
      </RSIMP>
     </IMPORT>
     <DOCUMENTATION>
      <RSFDO>
       <PARAMETER>I_SICHT</PARAMETER>
       <KIND>P</KIND>
       <STEXT>Ракурс</STEXT>
       <INDEX> 001</INDEX>
      </RSFDO>
     </DOCUMENTATION>
    </item>
   </FUNCTIONS>
   <DYNPROS>
    <item>
     <HEADER>
      <PROGRAM>SAPLZANS_0047_BPCUST_9002</PROGRAM>
      <SCREEN>9002</SCREEN>
      <LANGUAGE>R</LANGUAGE>
      <DESCRIPT>Атрибуты участника МГК</DESCRIPT>
      <TYPE>I</TYPE>
      <NEXTSCREEN>9002</NEXTSCREEN>
      <LINES>031</LINES>
      <COLUMNS>181</COLUMNS>
     </HEADER>
     <CONTAINERS>
      <RPY_DYCATT>
       <TYPE>SCREEN</TYPE>
       <NAME>SCREEN</NAME>
      </RPY_DYCATT>
      <RPY_DYCATT>
       <TYPE>TABLE_CTRL</TYPE>
       <NAME>GSCR_TAB</NAME>
       <ELEMENT_OF>SCREEN</ELEMENT_OF>
       <LINE>006</LINE>
       <COLUMN>001</COLUMN>
       <LENGTH>115</LENGTH>
       <HEIGHT>013</HEIGHT>
       <C_RESIZE_V>X</C_RESIZE_V>
       <C_RESIZE_H>X</C_RESIZE_H>
       <C_LINE_MIN>005</C_LINE_MIN>
       <C_COLN_MIN>015</C_COLN_MIN>
       <C_SCROLL_V>X</C_SCROLL_V>
       <C_SCROLL_H>X</C_SCROLL_H>
       <TC_TABTYPE>ENTRY</TC_TABTYPE>
       <TC_SEPAR_V>X</TC_SEPAR_V>
       <TC_SEPAR_H>X</TC_SEPAR_H>
       <TC_HEADER>X</TC_HEADER>
       <TC_CONFIG>X</TC_CONFIG>
       <TC_SEL_LNS>SINGLE</TC_SEL_LNS>
       <TC_SEL_CLS>SINGLE</TC_SEL_CLS>
       <TC_LSEL_CL>X</TC_LSEL_CL>
       <TC_FIXCOL>001</TC_FIXCOL>
      </RPY_DYCATT>
      <RPY_DYCATT>
       <TYPE>CUST_CTRL</TYPE>
       <NAME>CTRL_TXT_9002</NAME>
       <ELEMENT_OF>SCREEN</ELEMENT_OF>
       <LINE>022</LINE>
       <COLUMN>001</COLUMN>
       <LENGTH>115</LENGTH>
       <HEIGHT>010</HEIGHT>
      </RPY_DYCATT>
     </CONTAINERS>
     <FIELDS>
      <RPY_DYFATC>
       <CONT_TYPE>SCREEN</CONT_TYPE>
       <CONT_NAME>SCREEN</CONT_NAME>
       <TYPE>TEXT</TYPE>
       <NAME>*GS_SNAME_RU-FIELDCONTENT</NAME>
       <TEXT>Сокращенное_наименование_в_русской_транскрипции</TEXT>
       <LINE>001</LINE>
       <COLUMN>001</COLUMN>
       <LENGTH>047</LENGTH>
       <VISLENGTH>047</VISLENGTH>
       <HEIGHT>001</HEIGHT>
       <FORMAT>CHAR</FORMAT>
       <REQU_ENTRY>N</REQU_ENTRY>
       <LABELLEFT>X</LABELLEFT>
      </RPY_DYFATC>
      <RPY_DYFATC>
       <CONT_TYPE>SCREEN</CONT_TYPE>
       <CONT_NAME>SCREEN</CONT_NAME>
       <TYPE>TEMPLATE</TYPE>
       <NAME>GS_SNAME_RU-FIELDCONTENT</NAME>
       <TEXT>________________________________________________________________________________________________________________________________</TEXT>
       <ROLLING>X</ROLLING>
       <LINE>002</LINE>
       <COLUMN>001</COLUMN>
       <LENGTH>128</LENGTH>
       <VISLENGTH>089</VISLENGTH>
       <HEIGHT>001</HEIGHT>
       <GROUP2>EDT</GROUP2>
       <FORMAT>CHAR</FORMAT>
       <UP_LOWER>X</UP_LOWER>
       <INPUT_FLD>X</INPUT_FLD>
       <OUTPUT_FLD>X</OUTPUT_FLD>
      </RPY_DYFATC>
      <RPY_DYFATC>
       <CONT_TYPE>SCREEN</CONT_TYPE>
       <CONT_NAME>SCREEN</CONT_NAME>
       <TYPE>TEXT</TYPE>
       <NAME>*GS_SNAME_RU-BEGDA</NAME>
       <TEXT>действует_с</TEXT>
       <LINE>002</LINE>
       <COLUMN>091</COLUMN>
       <LENGTH>011</LENGTH>
       <VISLENGTH>011</VISLENGTH>
       <HEIGHT>001</HEIGHT>
       <FORMAT>CHAR</FORMAT>
       <REQU_ENTRY>N</REQU_ENTRY>
       <LABELLEFT>X</LABELLEFT>
      </RPY_DYFATC>
      <RPY_DYFATC>
       <CONT_TYPE>SCREEN</CONT_TYPE>
       <CONT_NAME>SCREEN</CONT_NAME>
       <TYPE>TEMPLATE</TYPE>
       <NAME>GS_SNAME_RU-BEGDA</NAME>
       <TEXT>___________</TEXT>
       <LINE>002</LINE>
       <COLUMN>103</COLUMN>
       <LENGTH>011</LENGTH>
       <VISLENGTH>011</VISLENGTH>
       <HEIGHT>001</HEIGHT>
       <GROUP2>EDT</GROUP2>
       <FORMAT>DATS</FORMAT>
       <INPUT_FLD>X</INPUT_FLD>
       <OUTPUT_FLD>X</OUTPUT_FLD>
       <POSS_ENTRY>2</POSS_ENTRY>
      </RPY_DYFATC>
      <RPY_DYFATC>
       <CONT_TYPE>SCREEN</CONT_TYPE>
       <CONT_NAME>SCREEN</CONT_NAME>
       <TYPE>TEXT</TYPE>
       <NAME>*GS_SNAME_EN-FIELDCONTENT</NAME>
       <TEXT>Сокращенное_наименование_в_латинской_транскрипции</TEXT>
       <LINE>003</LINE>
       <COLUMN>001</COLUMN>
       <LENGTH>049</LENGTH>
       <VISLENGTH>049</VISLENGTH>
       <HEIGHT>001</HEIGHT>
       <FORMAT>CHAR</FORMAT>
       <REQU_ENTRY>N</REQU_ENTRY>
       <LABELLEFT>X</LABELLEFT>
      </RPY_DYFATC>
      <RPY_DYFATC>
       <CONT_TYPE>SCREEN</CONT_TYPE>
       <CONT_NAME>SCREEN</CONT_NAME>
       <TYPE>TEMPLATE</TYPE>
       <NAME>GS_SNAME_EN-FIELDCONTENT</NAME>
       <TEXT>________________________________________________________________________________________________________________________________</TEXT>
       <ROLLING>X</ROLLING>
       <LINE>004</LINE>
       <COLUMN>001</COLUMN>
       <LENGTH>128</LENGTH>
       <VISLENGTH>089</VISLENGTH>
       <HEIGHT>001</HEIGHT>
       <GROUP2>EDT</GROUP2>
       <FORMAT>CHAR</FORMAT>
       <UP_LOWER>X</UP_LOWER>
       <INPUT_FLD>X</INPUT_FLD>
       <OUTPUT_FLD>X</OUTPUT_FLD>
      </RPY_DYFATC>
      <RPY_DYFATC>
       <CONT_TYPE>SCREEN</CONT_TYPE>
       <CONT_NAME>SCREEN</CONT_NAME>
       <TYPE>TEXT</TYPE>
       <NAME>*GS_SNAME_EN-BEGDA</NAME>
       <TEXT>действует_с</TEXT>
       <LINE>004</LINE>
       <COLUMN>091</COLUMN>
       <LENGTH>011</LENGTH>
       <VISLENGTH>011</VISLENGTH>
       <HEIGHT>001</HEIGHT>
       <FORMAT>CHAR</FORMAT>
       <REQU_ENTRY>N</REQU_ENTRY>
       <LABELLEFT>X</LABELLEFT>
      </RPY_DYFATC>
      <RPY_DYFATC>
       <CONT_TYPE>SCREEN</CONT_TYPE>
       <CONT_NAME>SCREEN</CONT_NAME>
       <TYPE>TEMPLATE</TYPE>
       <NAME>GS_SNAME_EN-BEGDA</NAME>
       <TEXT>___________</TEXT>
       <LINE>004</LINE>
       <COLUMN>103</COLUMN>
       <LENGTH>011</LENGTH>
       <VISLENGTH>011</VISLENGTH>
       <HEIGHT>001</HEIGHT>
       <GROUP2>EDT</GROUP2>
       <FORMAT>DATS</FORMAT>
       <INPUT_FLD>X</INPUT_FLD>
       <OUTPUT_FLD>X</OUTPUT_FLD>
       <POSS_ENTRY>2</POSS_ENTRY>
      </RPY_DYFATC>
      <RPY_DYFATC>
       <CONT_TYPE>SCREEN</CONT_TYPE>
       <CONT_NAME>SCREEN</CONT_NAME>
       <TYPE>PUSH</TYPE>
       <NAME>GSCR_TAB_INSERT</NAME>
       <TEXT>______________________</TEXT>
       <ICON_NAME>ICON_INSERT_ROW</ICON_NAME>
       <WITH_ICON>X</WITH_ICON>
       <LINE>019</LINE>
       <COLUMN>002</COLUMN>
       <LENGTH>027</LENGTH>
       <VISLENGTH>003</VISLENGTH>
       <HEIGHT>001</HEIGHT>
       <GROUP1>MOD</GROUP1>
       <PUSH_FCODE>ZSCR_TAB_INSR</PUSH_FCODE>
       <FORMAT>CHAR</FORMAT>
       <REQU_ENTRY>N</REQU_ENTRY>
      </RPY_DYFATC>
      <RPY_DYFATC>
       <CONT_TYPE>SCREEN</CONT_TYPE>
       <CONT_NAME>SCREEN</CONT_NAME>
       <TYPE>PUSH</TYPE>
       <NAME>GSCR_TAB_DELETE</NAME>
       <ICON_NAME>ICON_DELETE_ROW</ICON_NAME>
       <WITH_ICON>X</WITH_ICON>
       <LINE>019</LINE>
       <COLUMN>006</COLUMN>
       <LENGTH>004</LENGTH>
       <VISLENGTH>003</VISLENGTH>
       <HEIGHT>001</HEIGHT>
       <GROUP1>MOD</GROUP1>
       <PUSH_FCODE>ZSCR_TAB_DELE</PUSH_FCODE>
       <FORMAT>CHAR</FORMAT>
       <REQU_ENTRY>N</REQU_ENTRY>
      </RPY_DYFATC>
      <RPY_DYFATC>
       <CONT_TYPE>SCREEN</CONT_TYPE>
       <CONT_NAME>SCREEN</CONT_NAME>
       <TYPE>PUSH</TYPE>
       <NAME>GSCR_TAB_TOP</NAME>
       <ICON_NAME>ICON_FIRST_PAGE</ICON_NAME>
       <WITH_ICON>X</WITH_ICON>
       <LINE>019</LINE>
       <COLUMN>014</COLUMN>
       <LENGTH>004</LENGTH>
       <VISLENGTH>003</VISLENGTH>
       <HEIGHT>001</HEIGHT>
       <GROUP1>PAG</GROUP1>
       <PUSH_FCODE>ZSCR_TAB_P--</PUSH_FCODE>
       <FORMAT>CHAR</FORMAT>
       <REQU_ENTRY>N</REQU_ENTRY>
      </RPY_DYFATC>
      <RPY_DYFATC>
       <CONT_TYPE>SCREEN</CONT_TYPE>
       <CONT_NAME>SCREEN</CONT_NAME>
       <TYPE>PUSH</TYPE>
       <NAME>GSCR_TAB_PREVIOUS</NAME>
       <ICON_NAME>ICON_PREVIOUS_PAGE</ICON_NAME>
       <WITH_ICON>X</WITH_ICON>
       <LINE>019</LINE>
       <COLUMN>018</COLUMN>
       <LENGTH>004</LENGTH>
       <VISLENGTH>003</VISLENGTH>
       <HEIGHT>001</HEIGHT>
       <GROUP1>PAG</GROUP1>
       <PUSH_FCODE>ZSCR_TAB_P-</PUSH_FCODE>
       <FORMAT>CHAR</FORMAT>
       <REQU_ENTRY>N</REQU_ENTRY>
      </RPY_DYFATC>
      <RPY_DYFATC>
       <CONT_TYPE>SCREEN</CONT_TYPE>
       <CONT_NAME>SCREEN</CONT_NAME>
       <TYPE>PUSH</TYPE>
       <NAME>GSCR_TAB_NEXT</NAME>
       <ICON_NAME>ICON_NEXT_PAGE</ICON_NAME>
       <WITH_ICON>X</WITH_ICON>
       <LINE>019</LINE>
       <COLUMN>022</COLUMN>
       <LENGTH>004</LENGTH>
       <VISLENGTH>003</VISLENGTH>
       <HEIGHT>001</HEIGHT>
       <GROUP1>PAG</GROUP1>
       <PUSH_FCODE>ZSCR_TAB_P+</PUSH_FCODE>
       <FORMAT>CHAR</FORMAT>
       <REQU_ENTRY>N</REQU_ENTRY>
      </RPY_DYFATC>
      <RPY_DYFATC>
       <CONT_TYPE>SCREEN</CONT_TYPE>
       <CONT_NAME>SCREEN</CONT_NAME>
       <TYPE>PUSH</TYPE>
       <NAME>GSCR_TAB_BOTTOM</NAME>
       <ICON_NAME>ICON_LAST_PAGE</ICON_NAME>
       <WITH_ICON>X</WITH_ICON>
       <LINE>019</LINE>
       <COLUMN>026</COLUMN>
       <LENGTH>004</LENGTH>
       <VISLENGTH>003</VISLENGTH>
       <HEIGHT>001</HEIGHT>
       <GROUP1>PAG</GROUP1>
       <PUSH_FCODE>ZSCR_TAB_P++</PUSH_FCODE>
       <FORMAT>CHAR</FORMAT>
       <REQU_ENTRY>N</REQU_ENTRY>
      </RPY_DYFATC>
      <RPY_DYFATC>
       <CONT_TYPE>SCREEN</CONT_TYPE>
       <CONT_NAME>SCREEN</CONT_NAME>
       <TYPE>PUSH</TYPE>
       <NAME>GSCR_TAB_MARK</NAME>
       <ICON_NAME>ICON_SELECT_ALL</ICON_NAME>
       <WITH_ICON>X</WITH_ICON>
       <LINE>019</LINE>
       <COLUMN>034</COLUMN>
       <LENGTH>004</LENGTH>
       <VISLENGTH>003</VISLENGTH>
       <HEIGHT>001</HEIGHT>
       <GROUP1>MAR</GROUP1>
       <PUSH_FCODE>ZSCR_TAB_MARK</PUSH_FCODE>
       <FORMAT>CHAR</FORMAT>
       <REQU_ENTRY>N</REQU_ENTRY>
      </RPY_DYFATC>
      <RPY_DYFATC>
       <CONT_TYPE>SCREEN</CONT_TYPE>
       <CONT_NAME>SCREEN</CONT_NAME>
       <TYPE>PUSH</TYPE>
       <NAME>GSCR_TAB_DEMARK</NAME>
       <ICON_NAME>ICON_DESELECT_ALL</ICON_NAME>
       <WITH_ICON>X</WITH_ICON>
       <LINE>019</LINE>
       <COLUMN>038</COLUMN>
       <LENGTH>004</LENGTH>
       <VISLENGTH>003</VISLENGTH>
       <HEIGHT>001</HEIGHT>
       <GROUP1>MAR</GROUP1>
       <PUSH_FCODE>ZSCR_TAB_DMRK</PUSH_FCODE>
       <FORMAT>CHAR</FORMAT>
       <REQU_ENTRY>N</REQU_ENTRY>
      </RPY_DYFATC>
      <RPY_DYFATC>
       <CONT_TYPE>SCREEN</CONT_TYPE>
       <CONT_NAME>SCREEN</CONT_NAME>
       <TYPE>OKCODE</TYPE>
       <TEXT>____________________</TEXT>
       <LENGTH>020</LENGTH>
       <VISLENGTH>020</VISLENGTH>
       <HEIGHT>001</HEIGHT>
       <FORMAT>CHAR</FORMAT>
       <INPUT_FLD>X</INPUT_FLD>
      </RPY_DYFATC>
      <RPY_DYFATC>
       <CONT_TYPE>TABLE_CTRL</CONT_TYPE>
       <CONT_NAME>GSCR_TAB</CONT_NAME>
       <TYPE>TEXT</TYPE>
       <NAME>GS_GSCR_TAB_WA-FIELD_ID</NAME>
       <TEXT>Атрибут</TEXT>
       <LINE>001</LINE>
       <COLUMN>001</COLUMN>
       <LENGTH>007</LENGTH>
       <VISLENGTH>020</VISLENGTH>
       <HEIGHT>001</HEIGHT>
       <FORMAT>CHAR</FORMAT>
       <REQU_ENTRY>N</REQU_ENTRY>
       <TC_HEADING>X</TC_HEADING>
      </RPY_DYFATC>
      <RPY_DYFATC>
       <CONT_TYPE>TABLE_CTRL</CONT_TYPE>
       <CONT_NAME>GSCR_TAB</CONT_NAME>
       <TYPE>TEXT</TYPE>
       <NAME>*GS_GSCR_TAB_WA-FIELDNAME</NAME>
       <TEXT>Наименование_атрибута</TEXT>
       <LINE>001</LINE>
       <COLUMN>002</COLUMN>
       <LENGTH>021</LENGTH>
       <VISLENGTH>035</VISLENGTH>
       <HEIGHT>001</HEIGHT>
       <FORMAT>CHAR</FORMAT>
       <REQU_ENTRY>N</REQU_ENTRY>
       <TC_HEADING>X</TC_HEADING>
      </RPY_DYFATC>
      <RPY_DYFATC>
       <CONT_TYPE>TABLE_CTRL</CONT_TYPE>
       <CONT_NAME>GSCR_TAB</CONT_NAME>
       <TYPE>TEXT</TYPE>
       <NAME>GS_GSCR_TAB_WA-BEGDA</NAME>
       <TEXT>Начало_срока_действия</TEXT>
       <LINE>001</LINE>
       <COLUMN>003</COLUMN>
       <LENGTH>021</LENGTH>
       <VISLENGTH>021</VISLENGTH>
       <HEIGHT>001</HEIGHT>
       <FORMAT>CHAR</FORMAT>
       <REQU_ENTRY>N</REQU_ENTRY>
       <TC_HEADING>X</TC_HEADING>
      </RPY_DYFATC>
      <RPY_DYFATC>
       <CONT_TYPE>TABLE_CTRL</CONT_TYPE>
       <CONT_NAME>GSCR_TAB</CONT_NAME>
       <TYPE>TEXT</TYPE>
       <NAME>GS_GSCR_TAB_WA-FIELDCONTENT</NAME>
       <TEXT>Значение_атрибута</TEXT>
       <LINE>001</LINE>
       <COLUMN>004</COLUMN>
       <LENGTH>017</LENGTH>
       <VISLENGTH>018</VISLENGTH>
       <HEIGHT>001</HEIGHT>
       <FORMAT>CHAR</FORMAT>
       <REQU_ENTRY>N</REQU_ENTRY>
       <TC_HEADING>X</TC_HEADING>
      </RPY_DYFATC>
      <RPY_DYFATC>
       <CONT_TYPE>TABLE_CTRL</CONT_TYPE>
       <CONT_NAME>GSCR_TAB</CONT_NAME>
       <TYPE>TEXT</TYPE>
       <NAME>GS_GSCR_TAB_WA-FCNAME</NAME>
       <TEXT>Наименование_значения_атрибута</TEXT>
       <LINE>001</LINE>
       <COLUMN>005</COLUMN>
       <LENGTH>030</LENGTH>
       <VISLENGTH>060</VISLENGTH>
       <HEIGHT>001</HEIGHT>
       <FORMAT>CHAR</FORMAT>
       <REQU_ENTRY>N</REQU_ENTRY>
       <TC_HEADING>X</TC_HEADING>
      </RPY_DYFATC>
      <RPY_DYFATC>
       <CONT_TYPE>TABLE_CTRL</CONT_TYPE>
       <CONT_NAME>GSCR_TAB</CONT_NAME>
       <TYPE>CHECK</TYPE>
       <NAME>GS_GSCR_TAB_WA-XMARK</NAME>
       <LINE>001</LINE>
       <LENGTH>001</LENGTH>
       <VISLENGTH>001</VISLENGTH>
       <HEIGHT>001</HEIGHT>
       <FORMAT>CHAR</FORMAT>
       <INPUT_FLD>X</INPUT_FLD>
       <OUTPUT_FLD>X</OUTPUT_FLD>
       <TC_SELCOL>X</TC_SELCOL>
      </RPY_DYFATC>
      <RPY_DYFATC>
       <CONT_TYPE>TABLE_CTRL</CONT_TYPE>
       <CONT_NAME>GSCR_TAB</CONT_NAME>
       <TYPE>TEMPLATE</TYPE>
       <NAME>GS_GSCR_TAB_WA-FIELD_ID</NAME>
       <TEXT>?___________________________________________________________</TEXT>
       <ROLLING>X</ROLLING>
       <LINE>001</LINE>
       <COLUMN>001</COLUMN>
       <LENGTH>060</LENGTH>
       <VISLENGTH>020</VISLENGTH>
       <HEIGHT>001</HEIGHT>
       <GROUP1>FLD</GROUP1>
       <GROUP2>EDT</GROUP2>
       <FORMAT>CHAR</FORMAT>
       <SET_PARAM>X</SET_PARAM>
       <GET_PARAM>X</GET_PARAM>
       <INPUT_FLD>X</INPUT_FLD>
       <OUTPUT_FLD>X</OUTPUT_FLD>
       <REQU_ENTRY>O</REQU_ENTRY>
       <POSS_ENTRY>1</POSS_ENTRY>
      </RPY_DYFATC>
      <RPY_DYFATC>
       <CONT_TYPE>TABLE_CTRL</CONT_TYPE>
       <CONT_NAME>GSCR_TAB</CONT_NAME>
       <TYPE>TEMPLATE</TYPE>
       <NAME>GS_GSCR_TAB_WA-FIELDNAME</NAME>
       <TEXT>________________________________________________________________________________________________________________________</TEXT>
       <ROLLING>X</ROLLING>
       <LINE>001</LINE>
       <COLUMN>002</COLUMN>
       <LENGTH>120</LENGTH>
       <VISLENGTH>035</VISLENGTH>
       <HEIGHT>001</HEIGHT>
       <GROUP1>FLD</GROUP1>
       <FORMAT>CHAR</FORMAT>
       <OUTPUT_FLD>X</OUTPUT_FLD>
       <REQU_ENTRY>N</REQU_ENTRY>
      </RPY_DYFATC>
      <RPY_DYFATC>
       <CONT_TYPE>TABLE_CTRL</CONT_TYPE>
       <CONT_NAME>GSCR_TAB</CONT_NAME>
       <TYPE>TEMPLATE</TYPE>
       <NAME>GS_GSCR_TAB_WA-BEGDA</NAME>
       <TEXT>?_________</TEXT>
       <LINE>001</LINE>
       <COLUMN>003</COLUMN>
       <LENGTH>010</LENGTH>
       <VISLENGTH>010</VISLENGTH>
       <HEIGHT>001</HEIGHT>
       <GROUP1>FLD</GROUP1>
       <GROUP2>EDT</GROUP2>
       <FORMAT>DATS</FORMAT>
       <INPUT_FLD>X</INPUT_FLD>
       <OUTPUT_FLD>X</OUTPUT_FLD>
       <REQU_ENTRY>O</REQU_ENTRY>
       <POSS_ENTRY>1</POSS_ENTRY>
      </RPY_DYFATC>
      <RPY_DYFATC>
       <CONT_TYPE>TABLE_CTRL</CONT_TYPE>
       <CONT_NAME>GSCR_TAB</CONT_NAME>
       <TYPE>TEMPLATE</TYPE>
       <NAME>GS_GSCR_TAB_WA-FIELDCONTENT</NAME>
       <TEXT>________________________________________________________________________________________________________________________________</TEXT>
       <ROLLING>X</ROLLING>
       <LINE>001</LINE>
       <COLUMN>004</COLUMN>
       <LENGTH>128</LENGTH>
       <VISLENGTH>018</VISLENGTH>
       <HEIGHT>001</HEIGHT>
       <GROUP1>FLD</GROUP1>
       <GROUP2>EDT</GROUP2>
       <FORMAT>CHAR</FORMAT>
       <UP_LOWER>X</UP_LOWER>
       <NO_TEMPL>X</NO_TEMPL>
       <INPUT_FLD>X</INPUT_FLD>
       <OUTPUT_FLD>X</OUTPUT_FLD>
       <POSS_ENTRY>1</POSS_ENTRY>
      </RPY_DYFATC>
      <RPY_DYFATC>
       <CONT_TYPE>TABLE_CTRL</CONT_TYPE>
       <CONT_NAME>GSCR_TAB</CONT_NAME>
       <TYPE>TEMPLATE</TYPE>
       <NAME>GS_GSCR_TAB_WA-FCNAME</NAME>
       <TEXT>________________________________________________________________________________________________________________________</TEXT>
       <ROLLING>X</ROLLING>
       <LINE>001</LINE>
       <COLUMN>005</COLUMN>
       <LENGTH>120</LENGTH>
       <VISLENGTH>060</VISLENGTH>
       <HEIGHT>001</HEIGHT>
       <GROUP1>FLD</GROUP1>
       <FORMAT>CHAR</FORMAT>
       <OUTPUT_FLD>X</OUTPUT_FLD>
       <REQU_ENTRY>N</REQU_ENTRY>
      </RPY_DYFATC>
     </FIELDS>
     <FLOW_LOGIC>
      <RPY_DYFLOW>
       <LINE>PROCESS BEFORE OUTPUT.</LINE>
      </RPY_DYFLOW>
      <RPY_DYFLOW>
       <LINE>MODULE gscr_set_scr_attr.</LINE>
      </RPY_DYFLOW>
      <RPY_DYFLOW>
       <LINE>*&amp;SPWIZARD: PBO FLOW LOGIC FOR TABLECONTROL &apos;GSCR_TAB&apos;</LINE>
      </RPY_DYFLOW>
      <RPY_DYFLOW>
       <LINE>MODULE gscr_tab_change_tc_attr.</LINE>
      </RPY_DYFLOW>
      <RPY_DYFLOW>
       <LINE>*&amp;SPWIZARD: MODULE GSCR_TAB_CHANGE_COL_ATTR.</LINE>
      </RPY_DYFLOW>
      <RPY_DYFLOW>
       <LINE>LOOP AT gt_gscr_tab_itab</LINE>
      </RPY_DYFLOW>
      <RPY_DYFLOW>
       <LINE>INTO gs_gscr_tab_wa</LINE>
      </RPY_DYFLOW>
      <RPY_DYFLOW>
       <LINE>WITH CONTROL gscr_tab</LINE>
      </RPY_DYFLOW>
      <RPY_DYFLOW>
       <LINE>CURSOR gscr_tab-current_line.</LINE>
      </RPY_DYFLOW>
      <RPY_DYFLOW>
       <LINE>MODULE gscr_tab_get_lines.</LINE>
      </RPY_DYFLOW>
      <RPY_DYFLOW>
       <LINE>*&amp;SPWIZARD:   MODULE GSCR_TAB_CHANGE_FIELD_ATTR</LINE>
      </RPY_DYFLOW>
      <RPY_DYFLOW>
       <LINE>ENDLOOP.</LINE>
      </RPY_DYFLOW>
      <RPY_DYFLOW/>
      <RPY_DYFLOW>
       <LINE>MODULE gscr_tab_change_scr.</LINE>
      </RPY_DYFLOW>
      <RPY_DYFLOW>
       <LINE>MODULE init_txt_ctrl.</LINE>
      </RPY_DYFLOW>
      <RPY_DYFLOW>
       <LINE>MODULE set_current_text.</LINE>
      </RPY_DYFLOW>
      <RPY_DYFLOW/>
      <RPY_DYFLOW>
       <LINE>PROCESS AFTER INPUT.</LINE>
      </RPY_DYFLOW>
      <RPY_DYFLOW>
       <LINE>*&amp;SPWIZARD: PAI FLOW LOGIC FOR TABLECONTROL &apos;GSCR_TAB&apos;</LINE>
      </RPY_DYFLOW>
      <RPY_DYFLOW>
       <LINE>LOOP AT gt_gscr_tab_itab.</LINE>
      </RPY_DYFLOW>
      <RPY_DYFLOW>
       <LINE>CHAIN.</LINE>
      </RPY_DYFLOW>
      <RPY_DYFLOW>
       <LINE>FIELD gs_gscr_tab_wa-field_id.</LINE>
      </RPY_DYFLOW>
      <RPY_DYFLOW>
       <LINE>FIELD gs_gscr_tab_wa-begda.</LINE>
      </RPY_DYFLOW>
      <RPY_DYFLOW>
       <LINE>FIELD gs_gscr_tab_wa-fieldcontent.</LINE>
      </RPY_DYFLOW>
      <RPY_DYFLOW>
       <LINE>FIELD gs_gscr_tab_wa-fcname.</LINE>
      </RPY_DYFLOW>
      <RPY_DYFLOW/>
      <RPY_DYFLOW>
       <LINE>MODULE gscr_tab_modify ON CHAIN-REQUEST.</LINE>
      </RPY_DYFLOW>
      <RPY_DYFLOW>
       <LINE>ENDCHAIN.</LINE>
      </RPY_DYFLOW>
      <RPY_DYFLOW>
       <LINE>FIELD gs_gscr_tab_wa-xmark</LINE>
      </RPY_DYFLOW>
      <RPY_DYFLOW>
       <LINE>MODULE gscr_tab_mark ON REQUEST.</LINE>
      </RPY_DYFLOW>
      <RPY_DYFLOW>
       <LINE>ENDLOOP.</LINE>
      </RPY_DYFLOW>
      <RPY_DYFLOW/>
      <RPY_DYFLOW>
       <LINE>MODULE gscr_tab_user_command.</LINE>
      </RPY_DYFLOW>
      <RPY_DYFLOW>
       <LINE>*&amp;SPWIZARD: MODULE GSCR_TAB_CHANGE_TC_ATTR.</LINE>
      </RPY_DYFLOW>
      <RPY_DYFLOW>
       <LINE>*&amp;SPWIZARD: MODULE GSCR_TAB_CHANGE_COL_ATTR.</LINE>
      </RPY_DYFLOW>
      <RPY_DYFLOW/>
      <RPY_DYFLOW>
       <LINE>PROCESS ON VALUE-REQUEST.</LINE>
      </RPY_DYFLOW>
      <RPY_DYFLOW>
       <LINE>FIELD gs_gscr_tab_wa-fieldcontent</LINE>
      </RPY_DYFLOW>
      <RPY_DYFLOW>
       <LINE>MODULE f4_get_fieldcontent.</LINE>
      </RPY_DYFLOW>
      <RPY_DYFLOW/>
      <RPY_DYFLOW>
       <LINE>FIELD gs_gscr_tab_wa-field_id</LINE>
      </RPY_DYFLOW>
      <RPY_DYFLOW>
       <LINE>MODULE f4_get_field_id.</LINE>
      </RPY_DYFLOW>
     </FLOW_LOGIC>
     <SPACES>
      <item>0</item>
      <item>2</item>
      <item>0</item>
      <item>2</item>
      <item>0</item>
      <item>2</item>
      <item>7</item>
      <item>7</item>
      <item>7</item>
      <item>4</item>
      <item>0</item>
      <item>2</item>
      <item>0</item>
      <item>2</item>
      <item>2</item>
      <item>2</item>
      <item>0</item>
      <item>0</item>
      <item>0</item>
      <item>2</item>
      <item>4</item>
      <item>6</item>
      <item>6</item>
      <item>6</item>
      <item>6</item>
      <item>0</item>
      <item>6</item>
      <item>4</item>
      <item>4</item>
      <item>6</item>
      <item>2</item>
      <item>0</item>
      <item>2</item>
      <item>0</item>
      <item>0</item>
      <item>0</item>
      <item>0</item>
      <item>2</item>
      <item>4</item>
      <item>0</item>
      <item>2</item>
      <item>3</item>
     </SPACES>
    </item>
   </DYNPROS>
  </asx:values>
 </asx:abap>
</abapGit>
