﻿<?xml version="1.0" encoding="utf-8"?>
<abapGit version="v1.0.0" serializer="LCL_OBJECT_DTEL" serializer_version="v1.0.0">
 <asx:abap xmlns:asx="http://www.sap.com/abapxml" version="1.0">
  <asx:values>
   <DD04V>
    <ROLLNAME>ZANS_0047_GUID_16</ROLLNAME>
    <DDLANGUAGE>R</DDLANGUAGE>
    <DOMNAME>SYSUUID</DOMNAME>
    <LOGFLAG>X</LOGFLAG>
    <HEADLEN>07</HEADLEN>
    <SCRLEN1>10</SCRLEN1>
    <SCRLEN2>15</SCRLEN2>
    <SCRLEN3>20</SCRLEN3>
    <DDTEXT>GUID в формате &apos;RAW&apos;</DDTEXT>
    <REPTEXT>GUID 16</REPTEXT>
    <SCRTEXT_S>GUID 16</SCRTEXT_S>
    <SCRTEXT_M>GUID 16</SCRTEXT_M>
    <SCRTEXT_L>GUID 16</SCRTEXT_L>
    <DTELMASTER>R</DTELMASTER>
    <REFKIND>D</REFKIND>
   </DD04V>
   <I18N_LANGS>
    <LANGU>D</LANGU>
    <LANGU>E</LANGU>
   </I18N_LANGS>
   <DD04_TEXTS>
    <item>
     <DDLANGUAGE>D</DDLANGUAGE>
     <DDTEXT>GUID im &apos;RAW&apos; Format</DDTEXT>
     <REPTEXT>GUID 16</REPTEXT>
     <SCRTEXT_S>GUID 16</SCRTEXT_S>
     <SCRTEXT_M>GUID 16</SCRTEXT_M>
     <SCRTEXT_L>GUID 16</SCRTEXT_L>
    </item>
    <item>
     <DDLANGUAGE>E</DDLANGUAGE>
     <DDTEXT>GUID in &apos;RAW&apos; format</DDTEXT>
     <REPTEXT>GUID 16</REPTEXT>
     <SCRTEXT_S>GUID 16</SCRTEXT_S>
     <SCRTEXT_M>GUID 16</SCRTEXT_M>
     <SCRTEXT_L>GUID 16</SCRTEXT_L>
    </item>
   </DD04_TEXTS>
  </asx:values>
 </asx:abap>
</abapGit>
