﻿<?xml version="1.0" encoding="utf-8"?>
<abapGit version="v1.0.0" serializer="LCL_OBJECT_SHLP" serializer_version="v1.0.0">
 <asx:abap xmlns:asx="http://www.sap.com/abapxml" version="1.0">
  <asx:values>
   <DD30V>
    <SHLPNAME>ZANS_0047_FIELDID_F4</SHLPNAME>
    <DDLANGUAGE>R</DDLANGUAGE>
    <DDTEXT>Идентификатор атрибута</DDTEXT>
    <ISSIMPLE>X</ISSIMPLE>
    <SELMETHOD>ZANS_0047_BPMAP</SELMETHOD>
    <SELMTYPE>T</SELMTYPE>
    <DIALOGTYPE>D</DIALOGTYPE>
    <FUZZY_SIMILARITY>0.8</FUZZY_SIMILARITY>
   </DD30V>
   <DD32P_TABLE>
    <DD32P>
     <SHLPNAME>ZANS_0047_FIELDID_F4</SHLPNAME>
     <FIELDNAME>FIELD_ID</FIELDNAME>
     <FLPOSITION>0001</FLPOSITION>
     <ROLLNAME>ZANS_0047_FIELDID</ROLLNAME>
     <SHLPINPUT>X</SHLPINPUT>
     <SHLPOUTPUT>X</SHLPOUTPUT>
     <SHLPSELPOS>01</SHLPSELPOS>
     <SHLPLISPOS>01</SHLPLISPOS>
     <SCRLEN3>40</SCRLEN3>
    </DD32P>
    <DD32P>
     <SHLPNAME>ZANS_0047_FIELDID_F4</SHLPNAME>
     <FIELDNAME>FIELDNAME</FIELDNAME>
     <FLPOSITION>0002</FLPOSITION>
     <ROLLNAME>ZANS_0047_FIELDNAME</ROLLNAME>
     <SHLPINPUT>X</SHLPINPUT>
     <SHLPLISPOS>02</SHLPLISPOS>
     <SCRLEN3>21</SCRLEN3>
    </DD32P>
   </DD32P_TABLE>
  </asx:values>
 </asx:abap>
</abapGit>
