﻿<?xml version="1.0" encoding="utf-8"?>
<abapGit version="v1.0.0" serializer="LCL_OBJECT_DTEL" serializer_version="v1.0.0">
 <asx:abap xmlns:asx="http://www.sap.com/abapxml" version="1.0">
  <asx:values>
   <DD04V>
    <ROLLNAME>ZANS_0047_OVD_OBD</ROLLNAME>
    <DDLANGUAGE>R</DDLANGUAGE>
    <HEADLEN>55</HEADLEN>
    <SCRLEN1>10</SCRLEN1>
    <SCRLEN2>20</SCRLEN2>
    <SCRLEN3>40</SCRLEN3>
    <DDTEXT>Основной вид деятельности ОБД НСИ</DDTEXT>
    <REPTEXT>Основной вид деятельности ОБД НСИ</REPTEXT>
    <SCRTEXT_S>Оснвиддеят</SCRTEXT_S>
    <SCRTEXT_M>ОснвиддеятОБД НСИ</SCRTEXT_M>
    <SCRTEXT_L>Основной вид деят.ОБД НСИ</SCRTEXT_L>
    <DTELMASTER>R</DTELMASTER>
    <DATATYPE>STRG</DATATYPE>
   </DD04V>
  </asx:values>
 </asx:abap>
</abapGit>
